code_hash,count
e3b0c44298fc1c149afbf4c8996fb92427ae41e4649b934ca495991b7852b855,1291
5c76cbfa0ce2982b5938a5d05ae2a115a3ed572ff24735315ad6c012c8cbe254,10
c39ff295eddda7634290954e241a9d10c7b7a99bd7ea2ac7c22f1d5502bb4b23,9
a188e526b19645b9217f3c77652ca34b710fb52ed4804450ef04a3faac7d8eaa,7
d6ded33842195663ff6dd1d887c64cd66ce51b285c2ccc8578c167292a602895,7
3f9b2ab666406f74cac3d785dbfcba1406cd132678d6415b46740ff4f4face64,7
1ac56ef9f99d220afa8fa5e2a8b920c69b1159bf02580663884d9c7c43bcdf1c,6
c9a7414d23022edce6a8fdb330688b55650a302abb67e5273062516e953f4758,6
c04c8a650158ae8b702a2b00387598b05aa5a5a7973ed91ff6f58e90ee684792,6
41035695119860436ad20bfbac1c6c4f9be86807ec465083e6b5f29424cded2b,6
8fe0462f7c737b1fc8e7730e21d878aa730e6c783b6a7e3cf9212249c39017b4,6
5418833b118b14b1fae431be4c219cf1f57b8ab59f411adcfd663e8f37f7f4d5,6
33a5b3d29bc5f662fd16bd2f8aaa122f54b0f800bcfab57a5e052ce05fc379ec,6
9ce621f0d4287889389642c46cc87fb03b80b564e6c4a50485205f12d19b3a32,6
13f3be1cc6f908cddd8a5e0f30828bee5df0030f10ee9b4da81fcb9934350333,6
6539b1671754ddbb2df78e72fc1e7454205a3c3e563613354c07ebce11ac9b90,5
40e252115b243608aafb3f4d944eaf7942544645553c6957555f6b891dce1cb6,5
de76deb49a1cd2fa088e988ec4504c5b907ef11c05739b3314f0563c5defcd33,5
0f82c098f84d3252386f916c3adfe66e1568ef2f3f7c12e27cdccad843eee727,5
ca1545acb4de4e799be7ba8a88f7f5992e996c8ce3be85359f1b1ab7f2efb51b,5
cd582e701ace7dd441e8436e24c21b9df25533fa98c3f4b8ef91c521f0c8e17b,5
c194d35190ab0b630e29c2882bcbc71efb67c447a759b66d141f8eade076bab3,5
e30bbb84846920166853bdd05b6ef67058e56ff20ae92e5e0639e78263bb265d,5
f24f75b739a5d0eb8c2fa2cd594a0b457ea3eb609738ab74a6a0d3349f19ce9b,5
fdc110ce580d2bc65d3f5286348cbe5262adb51f51c8985adc6e616d2a3a618b,5
a14e2cd5ee23395a9efdfb84fbe56c5bc0bd072c2656507e121b3a11046e9dc0,5
97a5c22b9e1e4580258c68f092efac9112f1fd2e623b019cd398745ddc4bbe50,5
acafa5f4350299a533cc173d2678207dc29c67877e437a0f6b6668c82da6997b,5
9b57697ecad55977ffe737ec1e685fd5bbf21347effed49bfd1e7cbfa158bbcc,5
6054c16b3deda00af59ca091c73d0d9e94c9eb1f97930682a2a60cbe29be8ef6,5
dffb2ed7c93b2e58c31f11cd407da64ee91944d40c7a7bd2d27f07ef2c809805,4
96fd531e16647134ef2ae6a93af7c8fd9eaf8da49ae1440d5ce5497b386d685a,4
95ae6ae6cee780e05536a6db1858377c2ab1612858920937e7f2a9045491acbd,4
5d1118331dcd8cf5b00de5c4f3f33d112e1fc772fc8c77cfd972b6621fff483e,4
6f9cd6b5866956106196652e7f7c5289680ab376c76d5f6b43ac2e12a0260593,4
7124e47c9849d904da51c00a4db73edccbe2bc1f82aa2afe73349f56df9ef6df,4
70d664ce5ca112ebcfee0c317bb3ff8a6119a8e005ada716ca073652b512b9ba,4
7ccdfcea05b7c915e5c1f85230359b8f6454d8a49f956bd151cf05f9ce83b7c4,4
791e7366587d62f2c814752cc96a0767799872699864855ae7b8b09ffc2b6634,4
7fcd1115d42deef106e18a4622eb9c4f4c4a3192364fecfcc4bc5112df4a5d1a,4
7d88b3aff1a3af21b8f0b2e8b99836e24615ab315d7857fbce22569b13337bdc,4
a161405f5bb3836aa7a109565c9aafde1f86307d710349b87de039642d3b8b63,4
1aba8b795efe747101e7291766720027b4bd44a8d7947478e696aa2e1167fb3f,4
c7e93b9c61c3843cc8928885b014357467b1b51088ae003dd86a23c8fa75380d,4
d425c29b1e01525695467e162216996c1e9caac677c707889b8f75e9e1fb2914,4
ad8f79f093743f409770733deb1a3f727852d35b14cb015154349943dabaf029,4
1fbf5e6970a0132335269c129eab96ff457075330a92f6220e1782385dec1d46,4
3742163f114e5d7e7ff67f76795e0e58eb4cbf12ea42400ab34d0ad8f0519a51,4
3c3e40a7e561a1183aa85e6261370efb0cd1e804baecb52159df38fc2ddbddf9,4
470adf6c6b90a6fb410582fb392ddeb40c65985535ba55ff5fa6b7c463cde883,4
3c364c82d31e67a50c521bd4ec8a76a3371e47af4f683d51e1c97c35c45f08e9,4
41afe989f1b959478d14534a08c2d4a15819fcb149155c30e59b2411a9f31628,4
6867dbb86e567bd53d1abd2e7ba57d6e4090729c63bc116fc6759ad4fb56a1ac,4
6126acd1d3b23f30cd1b5ad83a86678b142b600069f389133eebae481b160be9,4
5cdb5378214e7abeb959891667f814b4bcbef0a36ad828b96d89366961bd04c1,4
3427c710940f09283d272757345c5d200ceeff55242cdeaf5d5d9e90a0d0d09d,4
6815cd5c89eb29ef3c7233e5c2be86411538e3126f1c6e32a445b8610603d8b4,4
ab21be41e3acc9d161df47617513d3f0ad9ce68348dc2992ee86b78a745356d5,4
a61da9bb894c9f8a2a8fef535ee01b7cc64d1771033c5d0f469140a3f78ba4af,4
90085ce1a823be278316ffb642a7c0720607cc04cc2ca8d38b1b66886d107728,4
85e8a1aa0e1e0f0cdbf52200054ce8256fb7bfe150311db9f49e3759a110b136,4
88cc0f89af3656786386bdc1c2bdd39e32d734c602d7f5652ada5c9ea901de99,4
26d24f6f791fb5880c710ceeb55769b791532a838398e8db7090304af538c7e4,4
db59ceda9cdffa5e2f08bbb6ddf0dc406ee0c591fad04683ca54ca8dfa2863d0,4
d3467fa3e177f76d231fb1ee3124e3432845e84621f7f571c86fd2675f4a2208,4
dc9a881745c4be31ec4c603936b41d0ea9d76321743b0f12ae0708c9094ef932,4
ca2515584b8b9a0e9ec6acb4b860b3bacfab219c29c514d4c85fb40aa4340aac,4
f5a9780872809a556e98c488130cfc4e67968750771677f680eb716e5d4eda86,4
04df0e11da4ef8b68100ed7ec298803fbc4a0b50652954a30c210d7936fed1a8,4
f51aa41e8541554ddddd1b39ce467b323300921e88bf4228441f322c86180610,4
ef441ca916692a02a3648460a1ecbc168e4e1fb27f5f32f127ca0e3608394dc8,4
c0bd6872f91fd21dd4c7efe534d8462c3afee4bc24d9b04a206c21dcbfd1665c,4
118f5edb1da0b3f69414bbec671b1cf57feb6902d16af5fb99d88671f9c0e4b9,4
07455cbd1065d25676489ba19c2e662c23d5e79a8934a7c998c3e5aa36172a10,4
fce2c47434110a98089896819e5856977199d3989bbaccd0c170e048f3db59fd,4
e490fd72637d181a6ff74b4aac82b3a9857126fa2d9d9b8470b46955f84490df,3
ecef0f29f7ba7ae1d123b7bdfb534fea9d934aec1d9829ab798f8cb1af0b1c32,3
0541ab2a69bc9504c911857b5ec51847b02e1c0031bb599d8e4586e37760e618,3
049b8160f6482145a6f55bcebf196c09882b4dc1150c7dab72ae0bae8e00f975,3
0f56151fab83e7d1a427268ed549d789f82b64352489c97286c940a4d065a172,3
e55396db083ff40390b3f98e593ec7df2d16557979dd12fb87c21bea316534d7,3
f569c9cd01ab7dadb31d91129a61a3ab6d04be8267f60486c3c23053f1227dd1,3
e9d7c7f9066b8ae9d3dad8290d9b52487995864c9d0d2819229aebf12d1693ff,3
efd4cb861ae216a65e46e2d4fe5d78f8cba5a1c87408db18f6f2fc7449fe5930,3
ee9ac59c46ee9445c11225f48b538bf81506795940ada6f364c1e6fb5fd16e78,3
f58e6188b2016d0802c7b90d19de95762c116a2392d8c844cd595312a3e3f80a,3
0677799492934b1979b0f822088f84e4c1ea98ca13e694b1ad45fed701729cc2,3
f6c9481f0081ef7a38cfde8ebaa0f5d1f54b4a8864a87cc1a2bb7b0351f5151d,3
f4bc1e8f3417caa91a40bc99a2b18230fe591b52ed76ebc34e7094a34c96b459,3
1fe9d637977720420096c1bd4205cc265cd568a3c55daab36c8599e4c0262667,3
b544113812cf0ffc61388b7006d3b5ef4b3d358c1bc3659d71b18fee12dbfede,3
b55c4b102d3cb7e491e0fb6a4e86f19ba96445e485f84428e1db2968f605ba52,3
1fa4f81a12bf9ef591f07b3f17ad4b66898180ab819ce3f712cf9b44dcabe990,3
b7c878ff53ed622c2fc7e3d689b893e33661486abbb17f443d070c935de99431,3
b1b97c703e70ef751f60ee6ec1cb109087069ec3156d3c2add121ea754a7f38b,3
b299a31aa0069fd7761f0cf9c2bf0ba8f317adcc206d02261987e8216a9060ef,3
b3151817c259ddcb5c03908cb98b7746b7d6306d896906731d0b0171bfd4513e,3
b57ac458548d775fc3b617fcd4e2ef2dc774c97154fde9b314d07066c7dce782,3
c0664634595fe0b88985b13dc2906e235b038247c0f1f21208b843edd68a22ae,3
bf43bc10473dcd02de08c4b48e1490687d323770d4c21b84126313df6bf40bd2,3
c3d9c21bbb3acc20937b447dfc644456131e264acd436e1fc656ae05c7551bb9,3
1bedbc3b4a14da0594a064238b4e2826881d427c6ccb63525b0c5c17e55229e3,3
bec4dee5b0b1b6bf440276a8ce898fae649cff045a670c85f0663123a4fe5054,3
bf1f79d92172c49153be35bc315557068f8a635175b02c444025dcac6107cd3c,3
bf24601716cf08e214f7d0bb7829f77372d9cf34b2e33bccf681cad505116df1,3
19e3b76fb8c13aa24b479665c4cbbeadb54d988ea7ba2ee9cf0e4a0eab72807f,3
123bbdb9642a85310ff4f99e2d07b68bb5210a50cc2a3916aca05a6c4c7f1cdd,3
c76a13bddb2797a39aa9640c435bd0321fe2a57ce8b226f911a062ffe343956a,3
c8d4cbe7288fa14403fe81c1b1d52a4226f6adeb3d3a47e82a4763e5f98fe3f2,3
c0e0e2f42a5b760650d115a71d4c4742218763aa457fc49bb430473079303cc5,3
e3119ca702da53ffe65e233aaaa2174b559f8d8c452689ceab13678299d5ce5d,3
d9580f1e57301fd75f83dd54b0a4f77c4e6a15e35ef3824ba91af2fb36b89ff4,3
de9f6375681607ed175f3a071ad963276a6d2be5e3f6116a3f43043c0121a80f,3
dad38b0191593deb4b1a0f224a6d1ac67be851ec0b909c771fd6ec8505fc8d8a,3
dabfe737dfe5a5073b82a7420d1b28b76f598d8b6f65f7175b5692dd0e98f88a,3
da6170204dd69be6475f47afdbcb02f575da4e67a15b29134591ab833efbbe7d,3
da18ed4ada82d6172ea5a7d0bab2b44d725fd3fffb889c250b3c998d74faa6b2,3
d939ca1e59d41f4913b7b4837ff52bd3470f19be10508a6480ec737932399a66,3
d05fccd9988383636d11a5248440d4e0d51c2eecf9711f8d6a2aec28b6241755,3
d399e2d289b299f220921400f5b973fe32e4078bcaac763bf9f0e0d3a023bd90,3
182f80c459dfb6bfd944eda4c4c3f93649da10e67cbcc36825411c585e27424d,3
0a1f4e01efe7248217825e4630a39f680ea94544e8863f1bc82c86b473381e08,3
e1a44961f0a32094f5b039909de83c0a3fde7bd25f0eb0e02b67896c16e41944,3
e44a2811446fa0b371af5a58a3698d830f558fb81ba8f82af5bf30824e211481,3
e36f70f0a4e5b9bb241d67e6156c02bee3e8f7b33b39bb9c95c34b103455ca07,3
126a693d5c6d4bc76eff5b468b3901bfb975c6edd38ed112b1349fe98d75e7a0,3
dbcb90df40283408e8493620983927395920d1872d1d1a90ac8f01c864f63dca,3
13c4fb1e68e0eafd1ea72f407db7150ab291729c2dc106751b95fa401e526913,3
12ef586d4b0a88c9e55a2be7486fc9aef20834f59aee65506fa0d0b9b7377f4c,3
e9e2a266e5cd22969e7f4be5aa4d3c93dd5599d09ce5ab5edba5dddc46d9d9e2,3
ea9b3d3a574eba9e44e2781d4d920d678a6e4c3a55fbd45c1ba42116457d0034,3
ebbafd189264c10bf47502ee8a36555bac0d717920ee1f6fca680cf39ff0a0c7,3
eb8f4f0921707592f18f66a7aff5591b958aa2b91652c16cddbe6a9755bec08b,3
9d445f0e1c8abf700c713603c7afab41153f582d46371928197145528e040d4c,3
9db7209dc42194ddd04240bfa37744845c03f0587991e9ecba0028b48f4cee82,3
9e1e9a0d5b60467c2c45ecc756baccf36a6433c04fe83d6bbad9dda5ab0897e1,3
9a61b7e62762e0c05de67f4533540bb3dfda92c512c99c8aa2e88e09822ab7e7,3
21c9dfe7399ba2175472bc5d336d2515198d2d824e6461bcbcd46296ae6e14f3,3
2149cecfbdeb074f9eeb5a75052bb54b1a850c6e8bcf51b84d36b4e56510c94e,3
26d04546d2a1238b7d70ee75cda51a3f7d7fff44269e0bdd025c7a7d285f5723,3
9651275e1c4f615429864cfdbf66ced081fd55b7c2f19a9c3e774bc943f753b3,3
9c309609a3ac3da0d094f149870b3da5cc5cb68be30dee3a9864606cdc4f5017,3
9f78611446aa33dfb9aa98d6f421d7259a83c0506a3d3cf1f3ac1a110ebf33ba,3
9974e972cff2abb583c026827202a221546fb43b7a4a4e6a824c1d47df0f2394,3
a6610230ce13c10092763038225fee1f970c22be3d3be18eda1733f3ff4bccec,3
a39dbf1bfdd8ed544438575da8e277fd87f344ada6432ced8da688812262835d,3
a1c0d9f58a5df6dac93a2d04cfded68e44d158e4de11bdd52e7bc897519f203a,3
23f69375cbb84e4c59fa92aaa762b24cbefd83dca1698a1aa1edb2a2ef078155,3
a78e38e848797883a22e8df82461fe4507df109dfcbbcae36e10371e60f92b67,3
a3ebbba0a751ff6b076ba17b3bd638e24f4142d51901514864dd4acc3bedb43f,3
a85386b7ffe4c0cc1c88e797e9796f9fe92f3ce898df80d549355aadcd6a3424,3
aa637cffdbfd99ba27f9a985477b161e4f9518d768bdc5018db9ce15c58734c3,3
aab27e5afff97c2b55870f271840cb21489b9c9858b09a74eac0a8cfaf5be28b,3
71dba5061b913758003ed0a53054b353c45adc1ab8afc0e2dfdc0a2502dc3a90,3
2e8ff7e736651a3e67df0f5a3cbdbf9d0e4093c86fd1468b8dd7f291b37ced51,3
7341ce52561b62980205aacdf6013ce578a29429303ba6cc1e56c12204a85ca0,3
6dbd05ede375e031b0fa9a3104bd1fff53c4d61af8492540438be11ebdb08b0e,3
7f97d2626bd8ea0f219c7bf94058d129f85eab98947d9b354fbe978ed35fc600,3
7e7e77529a4062e3471671aed18645b1d7d8a10a80164335eff0baaa9598b396,3
79e2b109179b41782afdefe92d17940ec365b1c327647b18f0952a8b3a932dcc,3
79f9c041fc930e42690871205b04232a998ae35a0b0ed33cb5aee022ff665578,3
7daeb828985145879c9ae55e51a77850248d1d8a99a79a5b1405650b89484e68,3
8f4bb0f73891cf13c9ac03a527a24361523a924a715e14e00e4ee3a2703cb4bf,3
88b89d6876a67ca479c944cb617838e213455231ca04dc599aed72fb20e90e2b,3
88c6cfc651281d8a2601bd3c29e32127e105ed26c156641cd0e26e980e2aa68e,3
8063c820153029836c28ba73e85634550e5302fbb44a1b930c87ea2848facca2,3
2c813b1ade1f9d0749f4d1b616f2fdffe3604658e05e9b7a3d6cef87656ae5e9,3
2c9554b7886b2cac7e2dfda025781355399070320e3f625ad524e9817492c873,3
25c4979b479c6d12eab63c88c72864b35bf4f78e406f404d849afe00e9b03909,3
98e25d7798d8ff77339665d89d1c60772b28f36fc09a8b63e52bf0e55cbbcc4f,3
94253024877c13d13a451b5b968392694a3029140e6f149caccc54bd2b3e0c4e,3
942d3ab81cf1b25de77ac804806c8c52beca029b1686ab90266db27a3b256733,3
858997599b395177325ffa3dc71c0675032765ab8d664999f411a8570518a526,3
a1106e51c20a82be59e2b5d9aba96cd75950f2c27b5f53458d254d2f0bcb4af0,3
5e610b527acbb950fef46797ec9a0e455f84bbb233c633c25184dd5bfd96f52c,3
644b553441ba77211870219be0f26bc636bf60230c9d8c151ebcd3789f11557d,3
6501a478b2a6dc49bc60149547a9da17e06fc759a68d48f3a5e60fedab5fa836,3
6623ef14e111e541ff111b3264fd1f34687a8fbaf808fe8734517937b5ca5b38,3
6858b25cfcd9fb8e933751fe962ae16d255af59777d614ff4579af1bc2f48b9c,3
6d42906a36443b765499f7a0709a4f4eff06b23b723f7283657038a586c5fa79,3
642e75e0677c5f0dcd05e21ff2207056623546d2f43e4b8d56f57577fa02bef2,3
6903b4f246b956766cd88806cd54e7e9bdfeb3c1b3895446e6505452ff585205,3
6dba12ed6a91c12a328345e591fc1430676f0de64410c0e039cd6ad7db533f3e,3
6a3639e7535a2aac8a011f72eaf5d21a8607d9c0af181e4c0dd868a49a4eaa9a,3
6ad7520b0b91d158cb6c6fe9fc13f9ce3b9023ae5a7b3767354eb1530711bd93,3
2f869ec075424d3544f9d4bd01d4958bb2862a40b63d42374bef3b6c8b0500d1,3
34ff98111acdbed43677af94214db5a73ce778fd9561e66dff14e681227c5f37,3
554c22bba31b9d78dca0816909ed8d2327b2b6a88b6975896afe473e0ee00b6a,3
5d7f4d80f90dd1eedfbd034c0d15ac4c1ef4c2a0f39ae3613deadd47b8b4518d,3
61e69505f8bc9e58fd93a7eaa77c775947a23a10f0d4da83be3d2ea6f6529533,3
62ff16566fbb945ae87257c5dddde1aa63c3cd234b371eaddb04053cccd6cb3f,3
5b21380277215c68a0f6f831da65808549e148929b95914697979873de10a6dd,3
5bb5f865e7934d7214b1df2e29372b2733b2824acaf20da76762a917b2395f2e,3
2e28715420255c9a5c8028e7e462565550ca92a6020de142e32be11a55bd4fc3,3
2d3d10834bf90e11d8c1d4862eb297bff9dcd24dac4b1c570d68140b997f8030,3
315e72c8aa445b4740d92ddd84dd51f85d41d8e545627d01c3264585e303144a,3
30d2546c5d3fa3333c62cfb0f52920eca3cf871f6323b3b45cd6405e2a984262,3
487889d503b3e44c3087397b45f88eca6451c45eb8e26b23c3503c6643a51b3d,3
4d04e788767bd9c423f146c83970cb46a699e5e11c1b73d635bf4df1059f90b4,3
518902f32240ae648da94523a4a7729f49582c3e2ec3b9ed5f653ca08b002cc6,3
3013687a60a262269a893d461cce88cac5c112302a479de90b6436287e25e1d8,3
42318844279f5e6ba307b64a4eb2835ed15c51be532795be8ff6c27b2d70d169,3
411763edba464d88eef4c4263812596aff90d9af9ec13b45182dd412db98e2ae,3
4992a1febc848e93df503442470cd295c5689f530bf6f9129ba9a8a30ad43700,3
4942c463e86777c420e75a381940ba267fad932775bf8481b5f64c0226867efe,3
535b86b37446db4cd0199c66cbf1b35c4c3b6675dc021fb8bbebc5f6407a8e1b,3
4b8ad7b888b9d187e2fc3e55701389aa44ef5f3e1cd86ed85e47678abe968259,3
3ea75e423908dfa6f5d69d137d1c674843d32d184297ba58fd2ab3bb8909707b,3
33d55afdef9690b98818e19a6615bc6f0a51117c176a94b9197f2daf0c00a2ae,3
091e863d1210c0f32bb7517624b252aa7f23a6c39ecbbe585da0bc76ef209333,3
fb8e82ce6d2d3d7df69b9e218afce152e1a0afd42f2015c173cfb64f3fda651a,3
fcf5cc1f1bc9a71816e443cbac424c63b6ef4d5b02fed483022a1ea0330a343c,3
f7b6464d0a1a1e5f1c7b25a98d43b2e5c78ffdf0b6d9a41d85db00bb058f25a3,3
f883ba6fd8f3b156a58f491a8b86466284edec79371ffd77df6bda451911a570,3
04137cbd0c56e7068cb7fa6a5eb942065967f382eec602c893f56f098581389a,3
0385b40479d9d315e35394b9256954ff863ef7b12d89b3dd0182f85892bf57c8,3
01c2f1fe4c742f8b1067a6698209b4d0a479774632d71f6b811239c4b49c2e1b,3
fff6fd83bf86003fb114b6920740e82cdea8ee81b2296e964586f5df6fb7ed98,2
01d0afa0cecddf5dac50d972d168de44ea3f992c738a9b60aa119e3a2b0fc2fd,2
0245378e7e4e89833eb4eb178eae16f5cbf2dcaac38cb0f0605f3d7a93636e74,2
f1dff79fdd19188946edde6c3ed9ea01172ae276402456ebaca446bf232eca9c,2
f23a62fbd4fe8eb22d4f10cbd1db948f6ac4335cdb98f54275435d6350eff442,2
f2432b2786c5588907fe08b88cc5a78ff3e644b3a18ef0e9e2309f0ac6966012,2
f264ce2258b73c2bda5dd24d994271ddbebe17a32831a6e4c37caa2633380e58,2
f33d5e2a2b155a91e7d14b8760ef03732273959f6bd749fab5a470e36c482788,2
f33f28ff896c46e7e0efbe0a10d474183b2bd29c306211ea4eab64c00e93b10e,2
0b26ceb681d5e25ea60d35472d9185b2654e15660df4f38ba6f11263146e5daa,2
0b38fe3524fe02697801efff80e358e780eaf9cb19193c64a607df36985cdc66,2
0b8bfdf518a6cb502b1879345c4664f10805f79268f96d7f3a86e617a80ce11d,2
0bd53de7fb41f38f3b8fd39599012771765a18e0d3d083290e1a2db71512f491,2
0bfc28aba65070ec628c2cf84bd4bdb391685ccc7e2e6605f24d3f36c2a435d8,2
0c10ca601123356e720f384b0f551fc39cc5e818a7c4b00556fb81c326615be6,2
0c31f2eac506a6ec1e6307dea015ecb7d2889159e5338ec806e5d06718221705,2
f592ca78bb7590a60c88001c3cdecc6b3b0d6e0d6e37c77998828c5d2a2f6a1a,2
f5d6b3dc34ec09ab888b4a3f5534cc208a875a857d049e34d107fb103665122c,2
f69279806d67cca30670e1bb93c51ce53d36f4e14b764f4dbfd306f83545315c,2
3e5ccb3d895d4466197684195d85af3b8a58800b116751b519fbd3f016638eb7,2
3ecc3aadf6c0574c145fb7453415f25297f97ee8fe79aab050c8cceaf406854e,2
3f12af177e07204de79e91814f0f3e6de5570cce77c14410d11ab22992d3619f,2
3f6e9a787950e0c45af61db804bba87f412ce913706e388bd26316588fbbc09a,2
3fb749c5f961b8292729fe76ed467bbf97e82c65efe5a4f20022129eb890b58c,2
3691e4d66b056f5dbb655771a304990d34091ce983c47eaf564778677353badf,2
36dbea4566c078c59c813d77129854b70cc43eed14a19345492a06ec9cf80360,2
36e71b9f67dcf2b3f5c03fde6c35f0a4e91aeed56ebfe9d1eae7cfb30d449b97,2
374fb8a369c150ab6fb1c5519545311ee7183be43d4f19a5c2d7b338e74b3135,2
375bf1a10db984efe5386001ef70101897fec9f2a6d3b4184d950f395b2e1035,2
3763220bc1a71798601ea06f503ed3137e5c71a7d4e8f27d8e44913013795a32,2
37822cd4ff90450d7702a343bcdcea47f9bbdf48379471c11ea057681b793c5d,2
38240a5eea931518210bd5b913155fe9ebcd742346f782a0413f01bf76686ba8,2
06eb722ad4f7428ee25b8bc7cb55461019122ceb4a6d8dcbe3e61cfe09066b1e,2
06f202827fe1fe4d45c59f0c3492b5b99abbd18082fb74038169c4b41b7722b2,2
074737eed04d38d5205868aea05b1003fd405b6760671c27c8e8dd4ba1852e8f,2
33f34d3095a76f970be0b32dd6e5cde546dfbe90a610f8c6afd5a56e59a246dc,2
33f58461957297f10a9780c1095eb9a5eb6469fd7fdb422ebf432a519a63938c,2
4258f54ee44fdc27e221192c7a5a94e539ea741bc3d2d1eb8d057e8015220e15,2
43d4a5e3bc7d05d596b09649b3df265e8f98c988ee8322d50c6fafce17e71ad2,2
44152ad9b85067a28a088b0371e340ebf03a68fa11765c40d7c00de5ce65be02,2
44aed6311531aa61fafbdc08884d6452dc47592c6ce4584918d9a9d0475621ae,2
44d688c59c814b2fa2cee238a2b5a65c6ed6e13c5cd3ea20a2052a02d4b338e6,2
44d92b905108a60bb29420ba81efde08c77e246ed3454abfd490dbd43ff21ada,2
44e41436ae1c76b4839f08c88d66afa8d4f9577b6d78f5df72fdbe23141b9629,2
3bcce66d4a8dca3a5b0641d81923801ede3451457c9401019a861eb7a57c50da,2
3bf50def0e868d4cc388b0a40751071b59205286c268633672cd1804ba5fe758,2
3c2a916b5f5d1889349a43be3ec1cc6d82552fd7d51f2464c6a171682f032d2c,2
3cc48bc04fc7bb5985fa992ba206df7d92ca91064af0b062fac2642c58e078dd,2
3d32283b3fd064425dfe754854f23e894e28675eaff151aa8382c07aaef2a0a8,2
3e1ea40dbf905072485bf714d897a73e7198347d9509eff32972ed2249624a1f,2
3e4faf35f06561fd81dbcb358b56fdfa739b3a15b11ab11c9ee5092b76be1efc,2
4019d4ce75fe7c2839c9fdcd19209a0e68ffcea301fadf9f18d7e0f3baba396a,2
4114cf7be108652e3c68c8d5339cd738df8a9016cb79df39244d359e0644a323,2
4176b717e07d3b7a7b00e65ebdd2f23748b006095d9fac000c5d510a0373e1b9,2
41777e825814d01ec341bc8b2594c4b22803acc2a4a89834b7165f5f48811a3a,2
382bcf65fa65b81de53145250890fb1b268bb048d4dfc21d66edde9b942f81a4,2
385cf0e3ab7664d9de6ec976b6544e8ddd28288d996c5331f1d2ef42abd3bdba,2
390d30ce8fdcfc9cc32f219a383b962c9d931dc5e17fed501431ff75dc0db594,2
3a5434783576d9b2a373a3572c8620a31f8b17c2ec1f5d0559ebf0968ee45884,2
3a77f27d783deae4be78c36ae86a2d7cbe16e3498bbe29b6f510475c43e74410,2
3abd05b8cfca40909a9366ac5622c8d5f5b9a3ab4256cfef9044cab7d13ef079,2
3b2b07c84d73123199690646614ccf4e2e478f8ee9d048bd0b85c2db4c5d149d,2
321a16804aaa880520a3a2f8669e3084e04e5f7c0255da923eaface51796bda7,2
32a15c86a29baef115595fac7cce83a836c8ac2aa3551e0c9701873fbc423ffb,2
331bc3a68218a34054c6989e8bc8a904079217b4eb182431a09b817a6c483934,2
3385109a3c88ada70d9613a54e9ace4f2b4ce5d48b4c23e39d6c0468a2997946,2
33ec83a7cd402421c8b33e8a949d4d2fc63a6ac224fca602417abfc77c0d5f5f,2
4e2b604b15cb5e84bab094fe9d251f97d1d55fa5fcbdda858d7b8e689941d55c,2
4e48e836a75daf89bbf735c7ec1469ee6aec30f2fb4f127edeb9351ddfbc5120,2
4ec455403925365cfe730193eb2e13a0cb8630b52f17d68145f52bb9187fd84a,2
4f139e5c6a81d71f3d3e1a6dae30f81ad7f8e57cb363ef31ba5d20214c22d671,2
45bde11eac70ab895d1f07c190cac608ea866abb015689e9317bc4c6e7e57e22,2
46cec9fd731e24ce34e0c5edf3f186de68a627d514a6a5d9f62eb391afda1a84,2
47308acf6b52f771240642120b969440539510a0ddd995be2e4419a9fe8f1dfc,2
473ca699a7588fb6fc7059b31f0116836b38c689c5d8b23175d0bd86831ecfd5,2
473f5adf44bf2eb34b6ed1a5f23f0b78cbe340e98fe31aa9e2a786adabc671e1,2
4749b4bb46b099776dbca71982a1925540327537a0c0c6f4a2e8a435b8ce8991,2
47dc347466dd8d205836639a897684856ce88b9af4f18c64f48ec0fa43ec1163,2
487284131c4c9f80fd2b6c37909ad8c3ccde92360474be25be6e8165e168e0cb,2
49058a586c3ef5090a129b2f57718321ad97a597ef53684419c666e6a9eb66b5,2
4a2a40e2fd08739ffb3746e171148677a25411717fcee93c52515b05e4daea5f,2
4a529fbd2484cf209d405392fc9f2b1461d3887fbcd78ee2af4688968f59bf9b,2
4b06717eea96f841bed113251546def92e7ab65381599b6fded787912de90342,2
52a04a1868ece3d5b89021e557085bd1822bfdd42bfba1f79b577270b0ba44b5,2
52ab46483f6b05a760204c3c5ef79f2d87e1e69c593da9a51768593e994cce57,2
52f606e2b2ab4634a1a9fc46c8f00dc9af1aaaea40f605529a9b38c718d35c44,2
540704e6f1d8306778ab1643974e2c6da8aee4a65bbe650d27b370137fcec9c8,2
544bf43229620bb8ba6f3027c7f0ba790519c4ec6d2258f117fa615f8b61690d,2
5469ebaa5e4885c6bbc2b1d8c30dac74c8c94738050f59f779d160b4ac981337,2
4b1721995a49b590c96e27b94147cc4f3d9f8fb4a97a1f6e7cad54c163f64482,2
4b1a71be7a4e71a5f7d2702fbbe85b8f85afb317b8b8e038017169187e12d05c,2
4ba820ca7891c914e193ecb15bc59cab1fcc1d91e3612cde453b5b9a1ed32be8,2
4c2b0e0a4af72873032932e1d74b4a374a6c6206e036e91588aa0c13ae472f86,2
4c7ac53f50faa71bb25cb9c2ba08a954239b560fe03939db4708506ba748f970,2
4cb20d5c13d9d96f422336cbe85451a312e11a1c899118864eb17c401bfd601f,2
4cd256b1d24992ddfd77d1328ac72d819e62f811d46c9029166c22522a131adb,2
4d01a44966ae5522c3976fee5b6e84ca249bf598f4c463451d6ec87fa3515e07,2
4d7ea0c8c9c5068afe8ba391d75152080cfcc1934ff22634e74346681d22a1db,2
4da88c3263130e120568f060c8943c490e7a41f90a205716ff2d2783fb1c7026,2
2fee4a50e2d865737c69fdc004aa304b31f221dd7c1686a2c054c5acc718be5b,2
2ff29dbba3c4be45d9f0cca9ce35e3ad6fa5e857cd5d49f26425ecdf5a580a9c,2
583313124e03b3518c4dc70233399d818a79ba5235051bd78366e9a544ff19d4,2
5882cff2ad8ee58377d85e2297e22e8870fae1c862230dae5215e2e2e54df937,2
58c02479e15964f995cbc789cbb588360636a8effbc39225415002b2bcd1e099,2
59d4b4ad7b2607c13b8850ff449065a804edd8806c8a68eca9e990f37e24ed8b,2
5a2cdba9ba416f39d95f8525e2f57ee1d249907780702b8eadfe79ac1c9c09d6,2
5a3173eb8fa468ffcfbe2071f52c37d29f6fb27b3d846a5306c61beabbf622e2,2
5ab20dc6b46229e9a8a89d4d94684b9fcac3e2bd48131a4eaafc9f42330f34ed,2
4f14d72ef194f2337e254cecd0d2bf8e51395caad60a2ebc67531223121aa6b1,2
4f24f8e230790d1e222eeda6dbb72444c3cbb78250f06d08fbc549c718e5deef,2
4f357949058781b739b4c2e796cc942a0904f7aae950e6b0061377d84fb0eb96,2
4fa032f8ffc6ae72ad7c9bc4fd42f20bbeed00398521434400b3d4cc558a14a3,2
5011f4ee01713b20ca7ca71dca271de3ffe8bdc5873913e93899306689d3c07e,2
50a5e8512e80ef57bd22a62488880934f3815816c61c7100bfbd046749898ff5,2
51c395607991583f27b06244b1f0fd1897428e11b42c96c206ad98c99b8ef99b,2
565ace1108536963fd9d64731214c4b423af0a63004a4de9d82a17eef94bd25b,2
5661db20f7aebf1eff2f3232184699a9009c479c8381ea79581591161489435b,2
5674f5fa018eb218fa2f144570bb2e5a451d45f0f01beefeaa0c88c0f70be457,2
569bed19f59f2348106c99abeecc3481ba2afdbd87277b1fe4460a6d1e44c648,2
56b6edfbacea746baadf744a72ad32ccaaccfda56505688e81bef4f336f016f2,2
57478f289e4bd9951a49b1f8a1f3de5928adb1283cd5eaa2d5bfe511518ff59e,2
34025fce3ea13dd425430e63368f37587affe35101621cb3ed1bbf68bcd39c0b,2
3447a7f8f8d96337ef7ab22ecf388fa08e2f7597af2e634d76228a8cfa82d3a3,2
35b269e5ff13c42bd08a51e111419565ddaf517cc805043c26f826003dc43e3c,2
35f12b62f9681f0c9947edcfd594a6e1e61b697757e265ca75e766ce8617a35b,2
35fb08c84e266018d3010170faa42033d70e2578af8b39f3b4dc2580467b9f04,2
2ecc996321cddf340e5041d20a9862308f5de0a017282790fdf03891b9fc8012,2
2f08846726d21c59915fbc5e86f89da04a2316ce5f2c540b4bfcfee0206753d2,2
2fac5a42a90b1c3cf5e8a81d3db3f4f1e249cb21847e4a3d11a342f21a5393e6,2
2fd1a9ff82e02c81c3fa488570b33076a6acc717e2f2e67a7fe18517781aa8aa,2
2fecdbb9052a0cd25fec51921f8f842775e5646c49982cd4ba0ca4adfe60ca8a,2
61e052dc12ab714e1d10eb408c2c77a079f3cdf29278ed78840add7b89aa3929,2
6266b33f612342741537153241e39f970c1ad01c07219e096558613f3b261f0e,2
63053f45b740131af2003f50c23f0c215b3974c474ca8af6746147a1dff43245,2
633b10d8fdbdd36b83fe33b963ba506354da6f8cb7ad9c79ce483d105692cb92,2
5abf5ed11c033f628e0702047a966c02cf08fcae858ea5eda2c885db93e91e00,2
5ac7bff085e9ec0caf7b47725c0b57859cc644ae78cd7002864a590d9bb10a20,2
5ae2cad50ebbbe37a6dc3caf8799835d7bdff19ee7827e5efd09d8f1dbe028f6,2
5b28325a5c0f9242d85ef5226fe245a32f1e27d7e08b1f0230c4784a0f712816,2
5b68de552fe2dbe9d731af3dc609f876b9e3ada8909c3f3f5b58a36299044710,2
5c63b60cb43ea7fb0d9bf48dbcdd6e4513397cdb7a02be0803eb79d1cc18e1b9,2
5c912534a450610dc12ae0ab5377388804cebc4896805f12813584413da3502c,2
5d36889a5cfbe0583a5dbea32e66f568d126fbc5d20e7a4d4ec670eac5cdd4ec,2
5dd708df60897cdbf0cf06cfa2e2d189807cd072ae29b0a0a49a954ea63d4b4a,2
5e5a1c4065850a6f1cea95c9bac7c32e1b9fa237fa2f13b794effe217961e879,2
549b2705b03f62f5bfc304a6fc52af061d0b402f40359cb606a5ab2b76c9b560,2
54bef26a49ac6b92919a190677e5143064227c19d4f8413d80cc00ad8fdd02ed,2
6138699a1f798d56317767bdb530d6f9408d4fe52a5c1b8f21064895d07ee597,2
6153aac1a4f6870f050cba72117ebd09bcf91ca36a9d93c56ec17eb100d12085,2
6179b76891f1384072e17a426eb8803240610fdacb2785b53c3c700540c48c6b,2
30875e810750f17d1b323ce06612db1ccf7f7ad99953415126b2016cac1c9f09,2
30ce5674b20f3bbb0a729f919bb5f67a8e79b38273e38ec8c8cd097a25be7700,2
30d8b73c175914b3783d37ef358bc41c356cd4d5b9c3a0ade41d59900e6b905b,2
3119d25286cb5ca8c7a68154a5e53308301920ea3891e3cad597dd838530a409,2
3164d6b6aacd71478b3fd218809d4822b696a8176bc311971dd5794f0d76c240,2
2d20b9523777121774dac46de6aee0f85afea3f8d1af05c836106923627c856b,2
2d230f3e220487b5865bc2628cd552026a7cc64f1548a7d08b6514a905a076e5,2
2d5e4326b11b261644bfe07f67288caafdc8151ddd8eb4a0d7618889ac1a2a94,2
2dd3bc7455637669c4250c2401ca2669dc6b9cafbac50ecdb3d0ad0f7507e812,2
2ddd37227d5ec4ae579224e8a6295447dd0b2d074478f52d29400e837bea3d53,2
2e112fa31575f7a1ff9d2b483e9a4141d1e78376bfc6b2d8eb1b575d01b4e57e,2
2e353153c152da35058ea59d5709aa1d2538174fca35b1657b84b3a52dae4c11,2
619a82f05357117c648936f8ff71952de409a3905525ef21ff2f8db3686cc090,2
68db7447e59c883bad0deb3c6ad6839c4ee434b847d2208d920be38fdaf85587,2
6969fb9d75274c3d81b479ab08f278aad359acfef554fb1511a5ed617c85cbc6,2
6353f72cb2dc6bd84b921324ca3e3ed86f605ce299e7867943fc7da4bbb60bbe,2
63720b802e1cb7f0547540cd7ee7dbf2f2f07bfbe8f6186456b69cbb2221fcee,2
639246518febb97d66a33b4d92593f388edac5d3a55eee6e286871a546c05abf,2
63e969cb20b8033b3d2c3e9ba366d4a706981723f0185797e5b0837c6cfda976,2
646e564d103644ad6ce0d82c8f2495156f9e8c1a5e85679051252306dc221c53,2
64ad396cddee99f0a13af70b60eebd5a6164bc4b0e207dfd39a7e91a751b9c1b,2
64c4c292d444de3ed1ecf4336a45e18cc527c3ef07b0bdb7ec26536564ca7a1e,2
6505b49e1c5bd97963775ec48f01d06fd521e9f1be9a38f52c1cc7eef51286ae,2
65f9510878be3662cc8d2e333d0f7dbb33008d0f34167a7b65d34b3f82c206e5,2
65fe0925c56651bdddfe43b5a1e291f463e964496a16b0d1969c416bcbefa33a,2
66288c749e81dae42452db44b6b9991efa6d4b58eac1ca2ff86e2b75f9c04702,2
5f76625b6bdf54e28326eccee55b182f343d38bd6d9543e2930f946f7335db17,2
5fe07aaabf071deec0352a8030ce864ea2deb030e414ad04e9bc61faea29bc9f,2
60abcc4e1a34ccf451d372be697cb8cd2d992b5d0360eb83ab81f8bbb0468154,2
6bd884fcad80b89073d11c057bebb4e978574eed336ba446c614318678c2dcda,2
6c4212f365135870458e865e052ead795219cada0e016769b45f3d687533d4d8,2
6ced937c508798302467c50a4004ea00eceab878f5321d16254e511f5a4bc9f0,2
6d174cc1e9b151303ec93eee6790c2555ad899056ea9cb3aff6dd040d20ed97c,2
6d4019c6b24d9196f2b53e6463c67bc5c12b320f866368889444ea873163fc44,2
6d41860dae46200cc5cff09a8025a0de66d4433d7e289a624bd9c2a0347afa9c,2
6644c8463164807f9c1f42d16fcaccf82406e51aa111cfb87a5b0aa7efbf92d6,2
667568713fcaf3e892ee2c8e9c2e227688134ab5bff5a1891642f3876c8d2bc7,2
67540e1c9744fe7c9dba8611389e9574d750932a6a8a28da35f1274764c00df6,2
675431d88ba48f73605bb142f380209f2ee0694556e902bdeaf1976e3b0fe633,2
6759135417f72663aad8deef97dea4e9f6b53a78806f0548b84c04ef256ea25b,2
675cd379d40901adc3200507ffffe628315a92f332342a68d4c3119460783906,2
67f304f8ae4ae75dc04be8bc202696f0f8535edbd19f6b1e7aded52264c743b0,2
6820e146e027f03e6b0d68c433f54896d72eb51b8cdb76bf2d570244b52509f5,2
684a4ff10800092b1dfb6452f11de360a27993c9e815ae7423ae7ba0ee4b79e7,2
684f475816bafcc5ecaa88f1d45ff2096e7345ca414adb39cf13b08087a954b2,2
2a9a0cdabfee30800e4ea272061c18ed2d2006b55536827447ec5b5e6fa35990,2
2aa7a4ecbf49542a039bd09856449c9ca08dcf967488c4a2bc698d95ef1212b1,2
2acfd55c690f3e352becd0f4250789f6c3e3008caed83874561644b69e631908,2
2b2dc6935eecb19df6c6d8bda318504a8e8ded47de4d547c32be6cba7184a961,2
2b8ed73629edc47e8bb34484d8a2d68e7c959c2c133f338e359f81d279fffe41,2
2b8f649954933f70d85ba8035059396d3af4a95ae85087d357900ffe7d39b83f,2
70a469d851ab906c2243670a6bb0045bb5d6fc7b266dd4c4a870cb0704dc01ce,2
71e866fb3bb0d94658c9982d8ea9e73aaeb72b6304e01596f39fa0ab6d120835,2
7265f31c1135fc6e069c047711d4ec8c61a4e918bd98e40adbcb289478828a14,2
7272b357fa6db2779061a70e54386774b0a725cb4f16d17a6ba683ab52de54bc,2
69c47b1dcb84fe5c9310bd181b6e3a094edac5f2b1b0804e5327cde45767d08a,2
6a18a29815e3a67d26050c368cd3383c2c0e30b471d8b4119827c25ce0ee56da,2
6a8d4ea8a0f1d6979b45a6d9281930265ba4dc5b61d4630457bacf6432599fb8,2
6affddb90518bc0ab4e1f3ed2f63a370995d74aaa2f22b54ef39601c581d7ef4,2
6bafb2409de4791bee3dcd88159fb9b6ffff0549eae00312234582294599e41e,2
6bb5f0b8b96e7a44f593686db4d130e7bb0e35335980f2e21853bcabbd090850,2
6de695b6ba1152d2347099d8484b66bfb772e711cd80a958109980cdf963c9a3,2
6e10e644d7a9013c24d3f14a56a87b31341824298c157ccb32ea6c9ccc4fb271,2
6f5b3f2b621f35e904480a24f7e46d54180d29e42b827128136343f5a6a1a055,2
6f86d47da7ce1cdba944b9f57a1c3d191d65d29b71c1424242e5dbe63c8b07c2,2
6f91fd05269122e54e57ba1c6dfd69e884427be910eb4aaeff53e13a8c7b1f6c,2
6fc0bace8b59fa397d3031ada23a33e050057259f3218504f5ef99de442f5b8e,2
701fd8b2db57d7764045a4fa890a8fa95c3c91f6326c301a319e8bd6e5f1a0e7,2
2e57b9535e2fb002bef8f6d132499d46633680aad9a3753b7e895b3409d73a5b,2
2e64097cee2d6ff9aa9c9af078fb32ca3185e54729de528dd14cfff132cd8885,2
2e65b3673db866f82044894cc79f60a2690d7dd866915a76df731131d3a07cfb,2
2e7e7a817f6d7a93a92e2277bf646b12c15a7d55d30e660521aa63c169399fae,2
2ea1d0e53c430e3e93d8e08e5a5a7464beebb258437348a8b023e38cd5eb0f38,2
2eb00c600ec5434243b6b0a9cf88768b0028aaad02b0727e50000f41a7e118ba,2
2a0c37d1c3dcae6149d673b40f38973da55b82120611d1abd937c586546b2538,2
2a30fadc2a787d1e2fa9ea055a2f975067815a3a3e5ba8fb80531a7ad2c36a67,2
2a9481e27ac97881be492b66abe3eaa574471b8b9b725940756349dc30c5073d,2
7c8c0d98a3950cf54fee9c6098f42e7e4b1c5a0d6f656e5d18beeb415b9154a5,2
72a531fac99c7a62fdce4825f5ab711ec5fdc29f2fd6499ba1f739c9ffe41c62,2
73c0a0898c7971fa3ae36d4df6ab8d57a1960f683be803f0d2b7c2e78c0bb3b4,2
73e7882548e3fd3c94a6f7ba17f8e62f874cb46b95f7c34c773eedd3aab419be,2
7436a6f5daaab51bc74131b7b79a4912f425cbdd447487c40b31083dffa7fb04,2
74a4ffaf063a38af1634045a3812f10aaeef931775d7215ffa853adee8589fb8,2
74aeeca7295c147038556546a2e0535ea69ec56ca26f19540a72b3c847fbf34a,2
74dccf294e3725b508d8e46197fcae6db8db5912b09ddb4fc53289fa9f037bbb,2
75725a2e73d22f3089c9365bcde89c03dec5791c5572913d31b8e4035544680f,2
75a2c28b8981a765c0e1e356949599acfdcd17dcdd4baafc31613ea3636df70a,2
75e6f401260c302e2533e45ffeb5b458ee14e7812291fd90c68b34c3df4fd29b,2
76030fe595d8f177af0037a4ff985a1d1ea364347a459cf93880af99f5527b5a,2
76bba96f7e93098a8ab3e3e0385559e509566326134726ffee91b8b929840e9e,2
76cba182454b91d47df81e3621d8eb931e231fa995eb0561a95a451080c7f8c2,2
7732501d01ed5715d3e0ae43520866c8e5c49e6dffd733ffdb16ed6dadd4b865,2
7742b4944362d9615e5d401223839aa17da2ec0de7b5123137c6b1ee47efc5a6,2
7edd2452538552feeed900e4b9b3e99bcd286907d75f23440c6ebaa5ee40a107,2
7f223a27997ad200cfcf1438a95676078e28eeccac849730ff32341d2ad17213,2
7f4c0567783e1b1a61a4632aa36059244fc70041c4bb6d84f6851eb7d7dee079,2
7fc2e783d0ab39d329e5ce570b05e612334b5ad3b980817f39c34b6099ff3c2a,2
7ff6514b292b55c68b73c2a54028ea22537695a1d1809707452036298c22fe6e,2
79813b1d9556b3690f77f5e53ca34fb296468d79911cdaa1f0bd85d9793e149b,2
79acfd73de6b259477e8297d472d12774746a362fcd9696a0be1885c63873150,2
79c480e014654a190bc81cfcbcf169c11e48729e9598fb464c34a24775f5a9d3,2
7ad074b9c28d68f052fa515b7f550265e785dd15f5214869c214f1a219128b42,2
7b3f082ac564b9a2698d4d46deceae54d8585caddfc25276b25c4d755af9fb36,2
7b73ccf4e5df8b182b002a744866dba03d8f7065da175fbfc12cc77f18c5541a,2
7ba768b74667a1f42069e9bfefe066cee270e10a5834a6f80a60331c120e1c18,2
7c0964fe7e86de4b6d31336d776cd57cf8a0d2b3577939fceb7dcde08e092512,2
7c17873e9fed318a3d44ea99cbebef6d64ba558612d5323b009448564808b3f0,2
7c54e3dc5acf203c39d4974f005c9c64678bde3948e7c46cc88ceada300c2db5,2
7c697db1fb1c5963780f8ca128a5744a4cadb08d48901da835913f2e598e0dbb,2
25a3008397dd3e060320715703136815c29eabe42c6ecb0221c06ed74e033133,2
25a4791756cc3fc39dcd3a87800944693382cddf3e1d57c47f2042c62059069b,2
26b8fd357cb036876510b30e0b294f61ccea45eac90232144654d9ba2efdc1f4,2
82d88c83b7427c8075ccdc79bd149421cfd9c3d868f7ada00a749c7b827f7b16,2
83d1c709465be22e57930d4eabf606b8bfb169589b5a8ee31e2179b0002a4620,2
843a046b1b7099309a1071ad210a594bcc31c5f0c00ea7158c9d8370fb3ab462,2
8440a27f7469acb6a75ef0611181189f78e5c03e1660d29f643c067786adc084,2
845734aa23e3e69b81de440a685fb10c99df071137788d40354cd688e049d1e6,2
8481ef3e507aaed2ad7506a0631d49835914fada18dfaf560b664a257ed334f7,2
84b58e46f9bc31d4c4b4248b3f513420af9103ec9b8cda630039e1485e5b443a,2
7d50dad549a1d3f2823509b3b757b7e9f31feaad55f80d4c65b2d857fda15cc0,2
7dd0dcd2bbeafbfb98c93d607587c54a9b7ce9e918abadf6377fbffabea2b9fd,2
7e319c1457fd613c907bf3af312596c70c5c33a385c46156cc0e8cd5d8b1b7d8,2
7e3f00fbfad2f2132c25e627cac62b2c683aec55f51d6d8520fa94e94875c808,2
7e91631990633d8161b7f64eef8ea59824e46a8bb620e18911d5b257475edf2c,2
7edbb8e9de28d80158c4ec2d9d721c8b9750825a9e31c873f4aaec717b5aa193,2
813fc24d2fe15d3c69c326ef29b15204ac6fc1d05f51b1a848d339c7fbb86097,2
817040e0d490010010b480995dd23fca77633e685a2ad27025aa2aa5fef20bf5,2
81708ca368c3e14d9dc8bcd44626d5cf4ef7c38b0dacc6b51af8255cef7099f1,2
81b0d1e15aae056b8abc0e261161bcf7b732d116193a486a92dfa6a7c56d640d,2
827ed8c046830677ccd70c28c7b74bca1efdeeac7a1fae1f270c5d72e90e3416,2
8286a29fcc9598d36977b078c4ad0f7348071bdde494cf586a2e072aba777a92,2
2c0b57c362e96d2b273d21fbe79cc155b2e10a120114978781d600ff4fc6f826,2
2c3bdca2234296e8866903b97a9576ce884f31d55ce05f45f918d8c2cd8693a9,2
2c693a4cd89a2566e5409a9a658585652a8054bdaf89b8ef5f4dc9cb0c81eda6,2
2c8b5e128227ab8e8bc09777507d42f59ce430251eef9b1a547d92c9838208ec,2
2ca84376ebbdc136d22493a32418d877b63195744372ff3813087e1aa3e6f70d,2
2455f179ebde3ec2d1a437f5b8ecdac6bd98eea1e58d0249b4184e985a662322,2
24b1ec4b2d7fbf5192516d3c8fa9d5d24e56a074d4b30d107421c8bd8f50d6b5,2
24f85b70b5002956adbb9b24a426cfa6d907f804ddccc4c9e4ca7e692713325f,2
2507f7cca2633611906aedda045ca713762c8fbc74b5f04ceb0917cfa294bcb0,2
2518a6bfefea9cb3bb582728959a0def35ff502601c34ca97704aa7d7e87e9c5,2
8f7e97f8937b639c2224a2236036893c2eb401892a4e4329bd9d9622a2f04925,2
8fa2ec636e5ed0084a2d91d2e9fd107505032bb8f4e3a848d505b31e8ef79e68,2
8fc8470e57b3551d20c24cc43457fbbd3c84f82628cb308ebee656b3273530f3,2
8573a6a093d5ffb4d6ec15080c3f000d3be1d8474f0f0882d4bddaf5305ee556,2
8585ad647b8d887d7fe5b6c382d61c89dd635e6de54fe7356803c279a0335e2e,2
85cd27f179029c19ec677658c3242c8ab27be80d5bd78461a2de6d7f9b36f8e8,2
86e519c2c251bffdd2e1ac02d291fc4fa818f807e3e9d7a413a3fecac74855bc,2
86fc77e58a343e1c84ad83369bd4ba63744a80cc87959d2ab466bb5cda510cab,2
872db05db5582ad5e9a7dac0761b73ae63454b54266e0cebac25262990d12991,2
87b48da9db414f74917e25382bfcef5386bcbd7dde91593fafd863cab5d56315,2
895050f4dbf06e94a6e06fe95c99f218364523c14fcdb030b7ad2d96a099456a,2
8979ed91974f62075fda1a4586b68d93700919b884850c959f77c2e895222937,2
89d4b29a856bda6fd7eeb7844c082a82b4f35f9f0a155a79166b52af6368402e,2
8a0fd2f08bdcbdf814f3b125b44c5b4479bbf1f878a00aa591f7ab2162d6d305,2
8039646a7f8acc83c9abee449d7b795257e9091d79df75867a5a369e2dd38b5e,2
80c5ab68fcf8b597751589baf2c905ded1f65bd63f304cd1164cd4e4f4596b2e,2
93c795b4621939f378f977365c74d3e24c64ee2b9e5f3b323c44c62dc0e8b26a,2
93dc17a39c2fc7667f4b6f5e681743e8243d6f661fd0a09873b061ee23474135,2
94f88ed952a1ca020d02a7765d09e866fe65dd8b56e4ea13fa7a1d8dd2788a65,2
9505be4d828680b2804aeba703ec9ba7e137489ad48c1d209c0a3b1e6727333a,2
8ad8a779a627d846f2421a15c26855795da4aaeb7ffac3dc9ed642d8a51ca2d8,2
8be72bb77c1326835de90ad0fb04edb2a5ca09c3b06553e1783e49c7634d70bf,2
8bf1a33c26b859ceb8ac00fe466c1724fa65f6ba54cc0a50ecfa55c34b89756c,2
8cb39dfe3955538b81eac9c4b7d81b3d79449db229f826535e801746f03b09f9,2
8cc2f18409a4e34651589d25c0b07c3a3d76fed0e5487dd1f16ed66e27f8aa7f,2
8da15457c4d1754add228bd1d92ae198e3cd653fce9fba07ea7e60b79191aac1,2
8dd03fd110b155db41f18d304fe40886082021f6934558081bacbf666ff23f95,2
8def6762de81847d3d2493b20326778517437297af2699b48be889ce040a2939,2
8e04b756597a1ac568627b3669a1bc9a02264bf34c53f1f8fd3418fd244b404c,2
8e44297ab6a57b57d75636d9c2e0597b5e5ff1997fec79af9180e0ccb37bb4d0,2
8f147407d4eda60047f34b59d7fccafc8cc3c0285a77f4b0d083265fa3963d72,2
8f529103f41f98db79fcd235c969dd409deb2de3b1c72365f808d454f7017658,2
211570c56e9bb4ba86c3a7e974993d8db237ecb315510a26b73e38c8ed06eea2,2
21a7bfca49e3146377cb16523ca5aff70d3f6c665fd20d7e4a8c7f9dbdcc5d52,2
22e000dab0a36478d01dbba691d49785dd2644e8ad2c64a8e90e82e10bf45d1c,2
980800c50a11b01b490c32d06558941e156527ecd4d4958bbf0c5ab764e6593d,2
981baa0573f3cd5b3bd5d5a11500cab4fa8130a93a2fef84453239c3c1217c26,2
983e87638fc39d5659a9cfb63e66b7639aebbb1dd71279cd2cb00e0e17ab66d0,2
98afe4b33355950361d8a4526b96731ab20dbb9293ff789f5d17df4aabeef5d5,2
990978b000f7e41ab34ec68a2cedb44ab65233b8d801c5904a8b94be2fbb31bf,2
903f2cb48a30a80fdf4bcc1d4da159def161117f26e7d678b20cd6ff1bdbb6cb,2
9046877e86d33f194f1dd92ff427554f0a22937b338c20d2e7612e2f9624a220,2
912f3f579f5733d233134be76dd7f44aae76f76a501ae3968d92522f423f1066,2
91e7c6f44f5d5384df52a05fe46a92143677b16cc7d67a5f89c3ea2035165382,2
9361045518579ffcd1693c81c88177af64784913672b2ef8f224aae8ab0ae950,2
936a3d6d58dea8b145b606f1d072bd6664de598cb064377999ada1c63338bb0d,2
9397b613e0fab87ea71a50be1dded5a6e53163d9a1b8aedd4f711ba1e6b2e968,2
93a3a17fa0853797f516ae6648d4648a1ea5140e185b22261dd816a75b539615,2
9c43cbac5cfd28fb835958e7a94e63435b54ef1e0353ad67e92803c2aafc0c9c,2
95125a28445ce7d94bc4282b818238a65e3c4004386a12a3129967d3c8b931cc,2
965153b433c66dd393f4228968d50533e0a3cf5ad8db8c674de8f5398a4b4931,2
9682d34e7523e8ca24b6db0c2e3075b117fbf9a9f975f0731000451c3ba07a84,2
968d5897c9e58a58ecbb56ef866b9069af2116fa641dcf7d78a5dfb7099f8d33,2
9701199ec088de3a2ffa81eeaca7d5b551505f14c848dacd342f5f847153affb,2
9709a9cc1adecd08fd6ba7f139b93ce8b0323e99de1f33c1a149bd5eec91fbfa,2
26cebbfa5326b9e46d4dd1a550fdbbf00f0b9fb1c265eb81510591ae4f882159,2
27223ea186cb4b620e3bca18ee34d24a8dbdbdb4250c4b4ecca54f72d066e62c,2
2818583be7ca2230f3c4e5799219ad8b05c994e9d6ff49d97dda9436432432e9,2
28c721bac565d81b32db300c8d38d30a1f32bf03560f9c4be99cf87c724c96dc,2
29694097432249f52325aabe8409cad6bc377ad536e530dc3d7de64f05adb391,2
203ac749877e5a0b326cc7f1f5b2fb4a8b3a2704644a57ebe2fffcc45f11f7d6,2
20590e2aca7f727abb0742397f90c37806035c3b1a875caef41bf7d904adfef1,2
209a595b53879e43738b81cae2570961e803651dfed5af94f6308030b85377fa,2
20ab433d5ce5ccfa62289225fed72b1a1aa25be31464f0181befc6611817d042,2
9de756cc5b89d28ec5d7da2fc35fc283e36d2a262bd940184f924519d103dd01,2
9e189be9370c02033da54b1d05ea88432670d70fa9a40e4ab9e1824af654da38,2
9e2521b3fdc396c327b78568033b795b5c26a8f91e0b796d9c765920b9f598de,2
9ed2b72754e8f6675a887805a0c466c37ef61f9731f653d1d9e5ece58957dd79,2
9f430a150007f7235b3021569490d3ad1892688282432964dd4ec46b62ba48f6,2
990b0cce3a23340ba8fa41cf63c93e4e76204bd48bbecdb01434019edae9e635,2
99e12f114514ad4e8cf14b441ada71cef267338db5e0e350dddfdf7aead5d16c,2
9a18a688871d5571ea0271caf0bdb71c2ca5e62956682007100c205669751cf2,2
9a3d78cb52644acbccfbc2c70107323665abc952314ddb17f508cfc566dd972b,2
9ac73b3316d738c0b0c26448ade38eebaff5986cca16205fc8544885472aa8d5,2
9b2705c8cf64f18af409434e12f47533144c26ad51144637e9420b4b5c03e7be,2
9b3cbf1499d3bc5c457c9579044973ac9ebeb7f9b7ca8bd9a85be8cb997d42dd,2
9b5d692a2d2f698683c5e795433bda309a585b8bf5e990049792f80dac930ac8,2
9bc946e1ce6864097ae28594608aec8b8f319af2dc4a03a878bbbe56c52fb1c8,2
9bc9c19792543a83af3148179fb5fecf33a3823e20c4cbb1432ef74afa98a7ae,2
9bcb004cf9827a7e64e92a5a9bbab0945f6634f1510b327e1e3d25c59a6c028d,2
1d795c0c3eb6aba8447c19788fa401defd6f21229a3b6b6c4d5d9de8ceb27a37,2
1e01728e368a12b6078b816fa5c73bf22e3728087c55ac31c5721601674b6945,2
1e552013727564b0f6c92ed1165658761632008f21e4fb798fad82146938dffe,2
1e5f15d7fd2028357268b73f0422c623fc604c20b4b81548b96df5d5c244b704,2
1f1304b0395d769934c8051b0b82e73e030813a5a59b9b38bd6038a7f5ad0145,2
1f21990672fd2cfab2ce88443228115263e99f9934b53d78b0476bfacff4099a,2
a190363d066d5ae623d96de4e844954714690c543f2f6a65139af12dc94e088a,2
a1dceb07695e1d875805483e08eb772c011c3581b34cd48d3e7b7391efa1db2e,2
a2d4b9ab0fb0a583c2de70df23103fd2cd788407a36dcd4b299226811ecce368,2
a38a690354587205bc77ea329d58bbcd303f9c83e0da50a4ad8c77b699c33acf,2
9c6188d20ff4bc57c8b84119dfb875ed4aa968bffc135cc8de4fc7793dc1a2ed,2
9cde2f9625405130d37efcb140a4c1008eff14e1d2a4f685af17be327276848d,2
9ce26af458ceca91a928ffe08abc1fee4139d3632d949aeffc265f5820c4fb72,2
9d3fc5e2ae5212df18fbda9629b24e2b944ffe7af45ff61992e52bda844101f5,2
9d6560abaaee246c089a066dccfc03518cf6a9aab6ee95f05f105c92c4b8e1cd,2
9dac42ccc4623bf62a8d670c753481e2ba32922a8b62133c1733989e18912b55,2
a6ab0883c9b13a62e975b4fd01b745f8f997a520731c88090e469eb3680e12b7,2
a018a2533a67fee0cd01beae6d6bc8d044b46b9782db2b4536f0be94e9c66c77,2
a0a649352a59c043f7fa335d9f402eb43e10bd9b9ca8b1d79f7d1cc33e18e33c,2
a0cf6b5d9b7d0305c7f38aacf24eba8d8b71e47468bbcf9b3dfe5e34e49974ba,2
a0fa840108e97f6f2342bb8af77e89e4fc6b4d4ea22efc003defc9b1f6aa7a13,2
a14cc6527ae36f551bf6fce45d3323d6b8599a9e323a2133d48c91b2a205a78d,2
a154333aa6039a6ea9d4c96145c9c2b6393163fa7bfbf4e6aac6d6b476bb63ad,2
2308b58fc61d72b02a44cf984dd1d1c31f324005890962a88502f1bc025cf2aa,2
238ab4360dfdc3d0b33e2d8dc603144f88ab161213e34c155f185ad3ba0c0df5,2
23d84ffd3b5fbc09d50791d5a075950b61bb4fc5cecca971bd444685af6fb72a,2
23daaf75c10873babfe01e52dac6cecc72da24b226dea29c8abecff3ba506032,2
23fe3642e21e1338318b0a88b944b446049da3ff5922bf7949c6920374fd2bc4,2
244c7b9c8a208392a3be07c29e52c29c24959f6e284b85bd604d760f314669e6,2
1cc61172c14c45383accb91eb2d6c979392d37db521c4bf1bb528b361a5764d8,2
1cd2b5948e4860a6e71325cec9a829f1181b35a4c6366dcdcf5cce355e039b30,2
1cd86dc7bf64bd1d5aa63801a694eaf8384efaeedcb6ab4226ef333a306fc917,2
a9854a5a76a8db6fa451f0324c292229d3723301cac6889ded5e800f390444a9,2
a9aea0f48b7f6f926cf5d6ac29aa233fac37a6f94c6b6f418e5e23d517b1bdfe,2
a9d3c814c257e5ec31827c4b2155205d4178b0688351cac835e9064267eb6dd7,2
aa6292f9851b9da46886b8e0cb9dede4f1e4221051169bb297169981da666005,2
a422b6be0a417ffa3ce7af17ec70deef53376506ded1481ac6e678e7fc1ab37e,2
a441f488e93886da08c7473e4e9976697dd8493e7bd0909112bf9b3c6595418f,2
a47241903934ee52b39f57deec1922b4cb3029885f5b7a5f60b87e93e02309b0,2
a47b11cd9d9c27a40a6ca1f84f603cfea7c82963b74d20b9e15bb3d26ae5dad8,2
a484535deedd2e15c62cbd49fa158f861a3e4f8c4d2d36939ce93e599c7a50a1,2
a529af7c5e2785b2fdac4b82f44bfce36584a94f7b0cfbfce332f130039cc17a,2
a5a3035a8931f48ac41636793d282e2aea4a0428187871dc20e92c4ae44e3c94,2
a5b466960aaf23f3c02d625484c420c11b3b63cfcb626929ac14d4eb8d63fb10,2
a5c45d1b99895765eaf9059d17ce47abb30265812c14f85e58b0be549bf00a90,2
a5f0b8ae85cc08810151834f6355b0450663107a660f40e3b2283cace9b2f90e,2
a65cf915fe1657cce34c67510ffb7fc35a89816a74e56e0bc031d8e6cecc2444,2
a681636326d9d8a3e78ae756e3ed09c8028271990c1abfe81135ab7d4abf74cb,2
abebd8b05376fab13f17fd8f923b2f5dfbfe90799648915678bf12fd0d79d8c9,2
abecfa4c79801ccce824c6d80d8bd0bb8e683fdb1cfa482d4f72a503add873e3,2
ac08d25e5d0a12b12879f6ad3fa44a1198901ed14561872cb7e931a9f50841ed,2
ac3a488d59fc8276506442ca9bc73fd1d192082f75a864ca574992e6f12f00cd,2
ac89c30872e357910295a90a1ad960d0e16d6bb4d2758a46a0df4473681f507f,2
ac8f3b67821141abeb0b7a6ead73f5322ebb970cbf817339a9c72fc19a4d3088,2
a729e7e0031bb3f1fd22d0364e509e80281c4865836f5e3657dcd82b8d41f604,2
a730c6b481a23c513d1c972119e911059a6bd56e6e01123493307ccee1b0e38d,2
a7c0e59813b70e597dd5f157ebb6be9a602a65898fbd505dd9a47498ff531b6f,2
a7d08fdf11062575fadf5248d770ad7989dca8fe875d373dcaa3a443d06a1f72,2
a7f83eb2fb295d88e3a19907d9e8c234d5823c71d0126f38715758141ddba8b5,2
a8102870bb350a5c1526d042e3fd647b02144d87a35d340d6c67763dba148f78,2
a900d606cda3495d057ac0bda239deae6d45dc3dd3ba2d0399317c736a82d7a6,2
a90974be0d4fb0f2329fe784ee0cae663938ccc2597f7342a21d7698daa8516a,2
a92befcb1efa3ec05353ad75da70946e6c874835f4afd22e93835127f0540fa2,2
a963e8f412e32848b6187d018201bf2165ec2689eeab6c4b5d17e639857f5d71,2
1aabd2c62272b133c4fb5822b14eacb04f09fcdce1c2b9e4d9dcaa0c1e7475b7,2
1ac5d7461f643147287064cca5872d431cd877041bd13521c0bf6659a374d8db,2
1b477bd0078d84f5e7a7bd4c1a8782ecd9deead4e8af28ea20eb187fd39a3ef9,2
af0c873e600b468af0c251d5bfbdf671b1ead7780d8cd3df2997070d1c33833e,2
af3c0df52470f4666c2843a8811cbcb6510781ecbc10b15fe7612e6ce0a38a29,2
b04e0e8088c5346e09fd47eb7f90b4f78237da6d93833a53d080ed3898c1e0e0,2
b0eaad018225146e9c868fa9906ffe4f308f87b92768023b3f0c50309701a529,2
b103bcd4e0ad0fc15d3535c44cf6d2137c77c3576cc615a6b319c2faba6792fe,2
b151b0615d6491c66542e12e8072b4a1396747f521fb8cfb2bb44492e75bb457,2
b1734d4065fffd62aa700e5db69781fd148eb9ad854ac5f13c960b455f49e4d4,2
aaaf50fd0da653778daaab7605aaccdd0616a6bfe9ca85ad4f155a6dec585581,2
ab3209c13d8438054e9928fdceb78043cb66c2b970e6d135a5a8df09662eb690,2
ab45b492eee5d3b8e1c45da772b82a451b7a839ecb76fbc20ca68c4d8f595869,2
ab55e8544f73e7cb6453d22bf84dcccc3020a65661e80a3c96863ba0810329f4,2
ab7730cb04b90bbecdcb20f4483152d82598bf61e5b1cfbdf903f8c6e15e270b,2
abd363cadb925eecda01d71cdcb9166e0ac7be1f1307d73d5704b5a369f54fb5,2
acff26dd0c8d6569289b72c8a6d578853bc2c07c45f56ae694714c97026169cd,2
ad229507e664c8e895d04bef52e6a778ac006e1099dee07f4f1e13eccc7203e1,2
add6ae7904c6c31b16b147af60b3b45e91a9d3a709a1c1ed030e1af1b1532339,2
adf776f4a4ff62cad8e5c9fc3d83b413a1203492ca7f8defde227f3fdd7b9039,2
ae17cb96b3fdbc679aac5e0dec230a93ec3bfc2700a7ee1586776fd0c5bec51a,2
ae1bf2fa999536b4a80e3c5a04d8b22cc45f5f109c1790cae00f5e8a07e1e505,2
ae6451f33bb1274de460b7bb1e2862b7cb0dd84645fb5ff6b46eab8e03d71b1b,2
aeccb18ac933a4b1072a5603482215423bbdbd80b429ae59e61bfd5770607ee5,2
1f31d7c9dc7b1322fd5302b2ec49a74bc48321b1541f370e76b0587a268ad5cf,2
1fa088e216ebe4d2c21d518a054c28163cd1e47090d0da2f1d48cd56f61092e8,2
1fcae3a17a389b1bde9ae2cf37a8752220b0bc7f0f0270e34bab2ef57a36239d,2
1fdb0283d306d580247d39fb051856ec8b03bbda8ebdb2870f85539000f7a262,2
19eed07915087a387226cc9d0e8fa6c6b21d1f3de759bf18f5741daef5bcfe98,2
1a0d9ef8273873f372bb13e02f127eb184e0532756e65e7fdbe0149185bdf227,2
1a454af1cffef2a87bf0c667df4d9aa50b0cb16074ac16944b2a95e71aa8d2b6,2
1aa563d186fd354602caaf30cffa4783d9e70937fc010119c6247b80db7bbd37,2
b85eecc5835dfb4794a942333bbd10105f71fe5d9700760ba7c62012d13c47eb,2
b8793e7dff201dabcbb2f8258e202d60752ae0fcc55deab583e9ce2470af6309,2
b93031ae977a95058e9ad537c21b3a5adbd076f8b823b856c316670aaf9ea8c0,2
b99d32a8296b87394b6c36baf1de3792243491cbcfea66c10cab0536f0fef10e,2
b9a61d65a8f7f3b2498889e6aa59e96cc2e221946d952563940b7ba623a3cc24,2
b189b9ca61f19fecb4448d9ec3d873360dab2374e404c51af2cf890d2177cb5a,2
b1fedad873097b7929a1713fa3316b296ec5fbe64561fe2675eb34fe9a9deafe,2
b250a3cf1e8a900201ebbab099182d35619320dcfeb4694d67014a418d4a5f4a,2
b29b3fb9b89939d222a8bf3fc3af871438f94ba36e98a4a55a4d130d1936ba48,2
b2e846ace42e2f70634ace3c3d9837d12fe117b1f4749f504cfb232539b3313b,2
b305bd83191f7b88b420471815c8344e1e7bd7a0031e2963d4594875c6d90a7b,2
b36f2e67894c895f4b91b5994296aee1a2a6799d465fcab00239645755ca9455,2
b37a937da0cb11d8cca597d43e7bd39e9eb4305fdffdb875211ad1528b9592f7,2
b43eb2813aaf78ad0b78906a06acb15c5cb619e99076b01c1f8d1e9fed61e31a,2
b467531ded8d9a9f8845882b8871f19a424f723f2d570bc39e009bf42e708ffb,2
b51982a0476353ead7651a3081f833fdf38f9a90e98c34bbcfd02e6221286e39,2
be418232c7c0eb5824262f336b89ae65afa121ce405bf4c621efb7a5107bed23,2
bec824cbb21ea5075235f7de3363c21c587dc5e5e6550c6121d379b70d822aa1,2
bef9fa181705476ea1548f19f5fb5102b0f21152b96c152049c6f80ba39b19c2,2
bf3981dcc0f5ca54a1cbb6e04692e435e458c5f58461c21de19d2e57dae7f147,2
bf84fd0fbfbe30f774e5765cc462e29407b6545a542f061021a3741dd805106a,2
bfce1fd0b469a496db2896db78a0a5bbd5e9a74c55d1b1f1a71c14136ec2b3ad,2
c01f4f8069a04e0a73c4251e569c89aac307eec47cf1d780c926722e0c239e8e,2
b624b75724b1ae3426ff2fa4d18aa6e19e26294606b1c6c272c4db02abe2f26b,2
b637e0ed71e277569152ff27417ad792d308d0baf89a219d3684502aa3fae563,2
b69b8de6accc22cd8e129daa8bdbb93eee48bce8410c24094a230d9a6b923583,2
b6c0400a9d707e7926f33b4c1a38c75533e777d5b765576db80a7bf98546db28,2
b6fbf211e4b2c387de2de8ceb558e037d99abbe45e3e8eb2faf20582c027f0a2,2
b74f4bbf104e458d9aeb7b77d3aea5df7aca5bd37ddfafba8fd4002490b94d5e,2
b77201c4f23d34f0988aa9344028d96ca5fc78e3a78ffd64f97ac3582140b7bd,2
b7b38ff5ac7fb53227b78880d478b08568d07db0e61537f96aebbba2d765166b,2
b7c8f6a28f7746e6bf746dfcb4cf3915b1b604c7eac4bfd618c7cb227eb2844e,2
1676c7b8cd156bd40571caeaf7fed91abc6fb00bc383fbae563632a85189048b,2
16a796dd32c5da33f416058bf3010f92e85789a8720acad0d8164498714767d6,2
175029aff8d00989537cb9d7ea79412cad256aedf2a832e14255c13179e37bea,2
1779057aa1fb7c8f5e5adc09dbf8ff83ea5c43bdef88190420d256a9c6dc39a2,2
177c5a31ff11a50467bec046b75812d73aac31137b9d63a3761eeb8334bdda23,2
17876f800b6812a00cfa2ffd88b262eac42ea2389c68d89157596be19e96c308,2
c417e08cb3ebe0687420759f25128c90e4e324545cc19c9cce77767f49b01d6a,2
c4790643cb39b5840fbb901c14261421f63b63a990f1fd300199bf5d81bf6cbb,2
c487efcc610b72adc788bf4a0da2a11bdd8d67574c805af7a5960ea7da4780e8,2
c49616495351027b46ba5b5640d1f8aae58576e13cdc63b78f9cbd7ccae564d9,2
c5aad2cb6da310c673cf072521d32a25fd52dedd47f6b63bfc7ed8437e145e4c,2
c5fc319dccb5df356281bdf33c2ea8e9ef03c7cb2d817bb9681d10423c422b06,2
c6105929fa5e31e7180899972429fec0b6797916f4f877c24d79f0b688c90091,2
b9ff0ac373cb59eae1fb4760230e7ced6814d360f7df67008890e47275ad8999,2
baaf53ad4be87e4b6ee994bd57657dd336d7ba0e262063f83d82e572dc503513,2
bbf00935f9197a64d4ca0293cde4bea158e2fad5c0dc99eda183d112d85344ba,2
c7d40024a5c07540462ea32b5d69ceff25cc69c704c69ecdce911237bd19104b,2
c839ef8389b7e1b1e19c4eac1451e0ac3c40f5df4bc4f2e26ca5ed49d4fa1037,2
c88898690d8728af7ea0f0019082a8e3704c03fc52c527c63e65fd1927baa8e5,2
c0b22d2aae26aa83c06cd83a00050115387d635dce0e3e73c65b35f7a5c65334,2
c145a672a153bdc6bc71c644deb9582c8f03a427c86256d7b37932772c36c9b5,2
c1f6aeeb21211d86d8a2b11c90007e13632aafdc02133bebd714976992c5302f,2
c3a38d3926ed2e16c7c0c6adececf42638871e1cf9eaa10c3ecccb165959edce,2
1b5bc8fff110e5c6068799769c2b99ec2c6a8835f39bd8282e5045d07b6e7c6e,2
1bb15485e392360b9d531b081a86e08ee86ea5a7d5a11e5c34dd0d53c36b3a15,2
1bd56defd6e17da065d719e77f6df7f819d03806acbf5c2cee50201c468a2195,2
1be1ef36c691dcb8babd357ee344ea98f68dc3fa1a6d6cac97c52e26f2163de6,2
1c19202438eff8335ba4fd8d3d742c105479acf667eec9c62bc01037a73a66ff,2
1c771ddd540c3fc8ff1e8c3cd08eb96cdd488d3f57d3fae3caa91a0cd0191a5d,2
1473f0a7b81d0bffc20bc46514715728ec6efa609d85eee3d7ec18bb524307d5,2
147c2221376b0ab3bebeccbb2c849f4844c945efe46e0a31c32b720db27001a2,2
1493019ebf6387ba6677cb9e7af3e2d57323a6102282405c19b05ee14c93d4e2,2
cbd214dba06b0cbb8a5ffcfdcea24b072c1b2bb3e0552497cbc1e3e90c4c4b5c,2
cc25f06371461c79130a7f03b0d714c0bb49d9bdfe3d954051c69233340a4fae,2
cc4225c999ed8c8c6b3ca326a1ebbc70b8959c17af83ff99b127ccb84be5faa3,2
cd06cf7048fb9e76a6dfd38237f0495cb81154e906aa45c9666ec5bd0961aa50,2
cda6ceefc4a60418ac171f8fa9cc399937ce8d415a7a3b46d0211d67318725dc,2
cdcd56da15f9498e88083dfe2e307aaa70ef378bbfa99b08a2c048797ab68228,2
c626d0fb60c5d3a22086192558162cf41695524beee42635b71dbdd6d483622a,2
c648943507bc2388730f33ace1f39d2a56b6a138e9228b51aabd7b9907b339b8,2
c659f856b5ff95d3cf94893450a27a7a52a5d2467abbc131ddc452bd5b213937,2
c6fa6338b4fb7b097580411d3d78c7625b2ac76f820008a7a72f72c2d26f25d0,2
c6fe4cbeabcd895fc8aa1acd452cc2c212cf4d0c4b6da74fcb80ffd252fb53ea,2
c74f6a6021eeffda8a06adb419d3948d02edf33e7dde340bb52f46cc56e76ca9,2
c753b71fe81339263037ecae8fad4c488ab444dc69c153c5d23faf836debf681,2
c769e905b0beada3960c587567d4c120179c37ceaaaa59ae5510a4129a2b4913,2
c77c8e8ee7900d237de9a47587a77ce81418f71326c922a37ff38ee01cb94e99,2
c798d8019d151b6632145c3adb21e196def561b13195435db3105c181a3ad093,2
ca709b1314bd80af284e5478cf3b87ddbae27fec66ad8bb94fb393c11fa591cd,2
cad210dc979618f13acf5dd6d2124633c4bd30dd23f656fb3ea1f2879aef773f,2
cb322433ea18c65a6a690501c0749cb659f97b1b2672851d122fad1071172f75,2
cb656ecacca1da9c65f5152cad3080dcbe23e3a66b1fd300be03333d3cf56bdb,2
186d4a514b636cf4acaf16287af63eb38ea018a361c7253d00c561faea87d285,2
18aee8c765e829b9590bad51c5cd7f8d9d35a2e5bdd644c5b4d91b04097e10f3,2
1913cc2a47982db431b300b460366c720932ad26c4aa4449a3ca3df2b97aa305,2
1948e50495475654d8dbf85e820c0f37c7daf718e1d9b71446dfaba45a009cea,2
195839bb17954b2a798ae96d4bd0815679446dbb42831bbcb73d06a217e54167,2
11199ebaddb938d0ac6a1053e57e093c191b4993b6bd3d9666b46fc6c62904d1,2
11afb23318db0f6ea9dd43a62336ae8535eb9ef689df415872aaa90817e540e2,2
11c7770b8bb3927ee82198c7542354e1e68fe8963f24f252e37a658a85d3fcaf,2
11ed5af4c259463f5923f618249bf0a8a4de4fa37b7fb41175017fbaf72a210f,2
1218fe3f4623ecca14cb97b81897ec2139b822a47fccd2cf6f0bbab6cb75c855,2
123504515cc696b2556e5511939cb9f98e1c588932d245ceaaae82a4a493e307,2
1248b485876bf148e52362087ed62c0bc69300afd5494178226cea312554905a,2
d8faa45ec303a9bc000fbbaef7b87a74e1503d1dccfad9dffa10c9bbe2d5b3b7,2
d90a5c809b035354076faa5f98d8784a1a3cf27722b3a5375bb3f87ae7a90260,2
ce5a4b3e9067971b112de1883935dd06bae58b3647e34996f721984970c20434,2
cfd347356a8962ea8d0bbcfa797668a41adce3d2f0c0389fa93d9dbd9e788ee7,2
d0d4f020c1baeaa1fa229836b82a419dca77386806816a5c5adf0b4b56004d24,2
d0e586a1c68080221486da2e0d7d681262c182ef6eb2ddacc124867952139ee5,2
d0e990c22a6c9e45d9df6c8c54a68191c1f908439021e41c55b9e288c5bdd6be,2
d1455a54b8400dca3045107d99717f41365d6004f63caf7a1c0ead965e5904a8,2
d1a3f62e93de6fbd6119cf82e8c7a01b0bc65b27732dfdf5ce1ebfbf6c78d857,2
d1f1071de959c58a459d1dd030cd85555528b425ee8645b5016ca04718f01425,2
d24e27d411b6a735c7274f9ac0e5f4b1706a8ed9fd77603bea94452d63a91319,2
d2545149bb8db6cf5d1d3eb1b6d8dcf7f6ad93d873754ded3fa0133d350b2a43,2
d3a6344865c3cb64fc8538cf14bf7bb1120c97d771913060bab8b88537855662,2
d3c822e8f5d3d5ebaee556d18b425b430e05987ac555bea78ebbb6d8a7b79007,2
c92c7e14acbce89b20016b9a87aa4fbdb0bd6aa558c4461983a8b0556f267760,2
ca38a9c19642ce44aae55ab2c96e40d907b2dde7fc0461e61d4f6be1ed53f2e3,2
daa497030d05d91e32434a1bbb4c3cd08fbf251e013e4d6b4e639d8514dec511,2
db20af4ad7bdd73b367f55ad323f068174acd242c2c6de6927cdec4a41baf22f,2
db3165c18d5693a7c1a1265d790051b9d240472cbe2d7baf994898bf46986111,2
d43a6ac0a2b181cf64046dc49195a3c30229bb2c201931eaeec0902b72c123c3,2
d495b42326e1d484bea1c088f1062efc46afb5d1fa7f4ab0dc0969ed42d99f4d,2
d5352841a76dee5297454000e41070dc432b757434518e1ff6c9422f1fa60066,2
d63d6b0dd5d5b75e37f72393c22794cda4dd252124f9883ad17a0a4c19601063,2
d69f4c1a8f7a3ec97b37002b5c4a25516faec54341d4a9d27647b5325e39a148,2
d6a7ec0045d9d84b21e3e89bb0e231accad9e846876eb46c3729e804c89e2132,2
d6b74f03440d07c68c0785746e24faa8834afc01ef22a67120f0cc4ea6ae47b4,2
d6f43840a7e87dc569d8cefa2f059e36771e4ec2add744ab2211431b3d32ec3c,2
d7acda0e145d525a25fd32a80d7230bdcdd61f1c691a042b060602e822511cbc,2
d82d0630b134403d9f56fcfdd51dc93ad8b19c2978d48f73b3431478f6fc280d,2
d82fab6cf16c2a24dca27d8a960bf7b9e29ce1354dc55e41a86617dc31e53622,2
d85badf4f68ea06db95ea87986218e4627945b4a1b65c7c0be3875f5f837185e,2
d8e9cf0daadc0e6b0137411e6c37105ea8ae3419f1c28f94ff04b60f41df062f,2
0e7edc5691b31d1d104cac4ccfdf5d1c25f991d19d28eb5eb1c249c3cb4e922e,2
0e83e31e19d239cf3e09a290fcb4d3cfe62095e113bdd031c6a861b6b47fcb28,2
0ed02ac2a99d325dfa0456753b0adbad695a6ba8e8746d516ef507450d5abab7,2
0f2a9d45e7343779f63e518bd9b8e8d5150f4f5d25f2818021c4f462cdfb5f47,2
dd98b8f85b965d13a0a5ba1a2b543e809f62141ae5a9e45faf7a1d0b806dc028,2
ddefc9a2d8001af79ac2767455acae8584d999fbfafda7957b0b41c4db624cc0,2
de0067b41184a65d5b9e21970400ddad221e5a0fa3493b3d80960a8fbfdb55bb,2
de547e56dfd465f3f4a0e0f87a4af62af3dce69a593590c135d0592c81973a57,2
dec4023975d6be93c800ff0cb25f6347c81a56a75893d05e73d0f8ba389096ab,2
d9858c19bf023102e13217753498d599c34481b3663c1352862f7d2eb4d55131,2
d9fa9467dc1bafbdd8cfe961cf46a40fe3c87a71a30786cb9622088e988701e8,2
d9fb7449729c992aa4cb71094d3c9256009bf7c57b881b9e7a22a842fd9dd0e8,2
da0a8c74a4655e857b7b35b8216692e169933bbf4ddba4b414768f3f6973d732,2
da38aefd5b812f41e2f58e509ae3ee663cef3c7afbde16f5031415d2ed6312c2,2
da3acd06e34159cb41a032c4440f534b41759fc8833cc06ff4e05ec01ac3476f,2
da3c36829ddc3f29e294e7fa520bafc6436e1167e59eb5d988e2b292bac06165,2
e1e62d185238acee84c9028d80f86bd8b182038e7a311e9b229ad5f4469b0669,2
e238973071d3583fb2f6ad5539eaeab71a64e35711741b5b38f42ab8200862a9,2
db4a66e70fbb800c3dec7725930945c6583f7d18f89a63f0e26b5f65e9e3bfdf,2
db4bbd165e3912386e2eec6e2b1549252bad10b9119d547c28760b399aa1161e,2
dbb74a4edb67b3e06cd2b1340e1dc1a496001878222aebaf3fa2edcdfc70302e,2
dc18eb54c0b41bd7c27c4f11af6eb48dc8f0d88275f15090bc4a88d9f86dd478,2
dc332495495c165d4e01eb08511fc80bf7d436413749425daab32ad84b435b5d,2
dd5c152c8126f139369c73c6b62db44e5b50d206676cd52c21790e26f32d8295,2
13167860c39948276bb9da3a094ff40b4adbcc0f875a91afa5bf5437ca99f3ea,2
13b2e92553a77e6a5b4177bd76acbbb5aed839eb86cfb57b5517ac7a408d47d6,2
143518d0240bc6667c9f7e7a41015a605ee2f93bb8d1786f4880f2c5768be5e4,2
0c3c41e6f8f1101ab45a256ea1ec659a65c0cd18f121ca0dd60af671e2ff6d74,2
0ca58d6cebfa76e6eab9df1e282129d59c4ffe3713d57ab3ad6ad56e7c008b79,2
0d10cd488cda8287f8294b425cbc57f233d7cda847da019e99ca76bb7b8c5753,2
0d10da8dcae4b8662a4a8947dd66b82e3100df78357e4ff8866fd71aa19b92aa,2
0dde510339d2744d2e322b252b593ee6231f77e5ef46deb8abcb84d804a433ce,2
e34e916f844957096d76c366d22dc2b66a7a2f0117b7350bddc9029bec5a0f33,2
e37e891e424c7ffa86b871d1b9c267b9c8a7967cc2460b95142de6f542e35129,2
e39e094ee0fb1e26dd2d6611106d908dcbd7e54d791b4499bf4c0d12ef1e5b6e,2
e41aea6f2d15568a3f9196f74460b179dc540157a104a3a3a81daa5068f4a666,2
dec7e63b7fa65bf810a2cb5bdaa06f797702c54ccd2d782256b7279644060e3c,2
dee1f6a149087fa401e63f77b7f3224551d7b413ac75204726fbef296e4d1b9b,2
df5e7ebda318a7fefd989f4e9a71427bc063c9e80db4c86af3705bf9429a0811,2
e0ab39f022fffca528c4068c26b18e70d1cf10da386d92bfea12c1410dbc2511,2
e0c1d05b8b26c76771c64b781ca3e58b919b92a0fb67f76cb45298cd0cf9a080,2
e0ef00f3a9653657c1833d2dfcc920b0c14d41a491c28fb74e11e2e9fb150d91,2
e0fb8826d735b24ab549e7a95333c1d09376394e2356be3e7266913757c8dfe5,2
e138de725a19cbfa8b91ccbb2ee59249648888b47d0ab8b59095854496a26a2a,2
e17c0ac1213cd43df47604b0e3b1ed6ad9ab52e91104bfa840e7e9a3d6417227,2
e1886b018874b9d73c82fa21569100f42c6e8e4bb029441a125a34489c0091e0,2
e1b2f29c4df0e19c26899ee879f5f8ecb1ab7bcd1f731db68ef86af2f90bda67,2
e1df0df7ec7a75aaba2627091772fcc025fdac439df200fad023770f3aad7e6b,2
0aeaf63f8a7cfb014242ec16dddc1e77d38c52c26ae600f1598b1f6145f05e66,2
0af624f9e3c7d84fa05ae6a9bc39f988e4216bb9c15907dfec2d1491004d9bcf,2
e5e088c52760aed39dc82fa60f9b98d07c8254ac6a909179e7400bd45744d79f,2
e62d82199546a861b67339d6786a10ac6dbda0fef8ed26a2a5d2e5941f81ade9,2
e6e17cfd77c0e898abf7d39ead2c02cc15f49052a2ac4639c9ad421886c855d9,2
e71ca1ae02427ff0b6d89391e9913b182a391a758651fbf01020045f87f69c79,2
e764cd466fc36a59b52b4d2df606e2017c70b0ffa47448ec5142e81651bc55f8,2
e7c2e6ec2099388d2aee7ed62b4eae9d813406c45758cd2eb0ff9aa7216505e2,2
e83b3321c2d74e7d28759ec6f1f3007afe6805932a4437b288e1c1576907de42,2
e24a26d1905ecfbdbd931d026bed03a582450489189da61776ad9f8091d6315d,2
e2918a96a1b66aba7b1c1074ffa2cbeefb24d739bbe74eac7659edb263f7ffac,2
e2ad843818bb126fc34efb8572ec975ad1a8660c45390bf5c7b9b42fea21621f,2
e2b564199b16accc4e2b149b1850d0f2bec8b7052a36d729be02b3fd89a8bb19,2
e2cd450cf157eb7cd1ba0fd745771aaf774f2bb803ab5d3f8c592cf33db0e07f,2
e2fa755917433a0d60983f0b26d75699542ee9803e3c714406cb44930170a69a,2
e321f582012bd8bfd1ab2d0e65d373097c1f685be5a6fbc38b7e10e561140dfa,2
e473260b93b44908aaa4cf5492574f16a5a168b8663c66b5ca2bce4f65366b31,2
e492e00aec0ccb4a32be82620438c4cff6a3d54b67df7401bde82e13ad5e574c,2
e4cffbe050a1157937662e4b66259307abd913a18ce8a1f074ab1230a4ed2392,2
e4d91fd775cdd0ce9a4d32ee679274cee648b720c9413d2869a1b9a9f8de9a16,2
e4f0d2b54edc976591ceced202b47e2ca1c21c7607cc8172a29b10f2912ec0af,2
0f41d154ecde99459a448d8b6eac98b270c7a3b4c94c264b8c73610a8dcd9eff,2
0f6ae40bfd425fde111919fdb9a0de272df7a2535143f64b50d6446f7741c2cf,2
0fb1944089f4895e7e5b8bc088d8e0f7efde35c9cd69d05df7f0b53e644f734f,2
10433074cfea5a4c57e5938137928cbde1ce6ce2a6cf3087939bcf99fa9a1264,2
10928f8f75f8ca8a201cb77a53afac70005fd9ee69f0c4d0697562e47250844c,2
09b6f9fba4ef1cff312f6d9f082758c421bbf45c03bb32759e187ff9ac3fd591,2
0a084f1251476b4ceef88742da83d0b66464b16d5d0691cb7afb231d62cdb5b9,2
0a16b2c930c7db8b2473397c9a0664e81362528a98cd6d8bbf65f9881da40cac,2
0a6502d154763112faca03b8a66c7e1f74e18543dfa8d1f2e7f79683091f9422,2
0a7019b3aa07a9970386041591f247c95c9088f35b0cf592879e1969e701a677,2
0a93d6ada79cfd4ef414eda3e0be98a4390562eb5548b69c7847ef6c7a54e361,2
f0c53940514676266bf548ee5b69f7fa3ad708e2307a9b5e7770f8eb9417c66e,2
f0ceb2bb9a4d1fcd474a6b3b9505b1fb4fe1b226a80edcc5f4a6f8d816778572,2
f102298f6874f9cc2d25b07266a07ef44dedfa214aa135a74979e0f248f81b35,2
f13461b8f9707d2f35b32543d1465bc9a8cccb2438c1c36e76847c9327c8cfcb,2
e8c9a5ef31fd3780979c66fa965722283603c635771efc0374866fd3fa49669b,2
e9ed62be15538b5de8fab8394af3947a252a649beab7ebce47f75a997641dc57,2
ea13fc67c48eb4548cc014a8c05ed3704e15707643cfff0b4b9b4173a7aea101,2
ea6f8bb4f4dd2d1da403ce0ae0884bb7f14dd701d4769ce2a34c0715b4d79bb2,2
eac98975cbd61a06166c0cceb2a28fc9d0659e6f3d90293d99b4d6688fc55292,2
eb749bb185f44502abb33f011673d7dbabc36bedebf2b833894ec0ed66845a94,2
ec48b523c69b0d4abc2432ba224a4de3b64df3e37018a1f8de5cbe202984c2a0,2
ec73985dd0f381d7b6a52c0d183c50533e36bba3d44b12e8a84a8178e60910fb,2
ecf9892667d1ecd4685982bdb7addc33c609e150c9b33aeaf2f7fff08ebb9ceb,2
ed289f6fe74ad4c245ab231a8ff694bcf15a2c48849c6248f170b2db366c08f6,2
e44f1b0b2bc8a03aae8086e5f9ddb3f9a265d5e59f7b92f46bb6b716b47e8f88,2
e4691ec75051fbf6a27ee00cdbb9bfc8057173ba7a221761757fb037792bb616,2
f6b9453c0145379e1cb86e80a5f4d70242aa0a371028aacc24b5a4b34c5c5c50,2
f6c1e859d8a7746ce6f2a75e5b5f83d4f8053d8dcc819900836ac9109a1bc8a3,2
f6d0c8eed1077bc93f5c2d692c6e3940a97c780b690c98d1db95de147a4ed90a,2
f6d736fede6fd6b1217b1a663580b393463525a75c61e5a50ae92c0da9d225aa,2
f4bfa5446511095af9f11e9732c6009c84ba2d0d0c696d9e9fe078ef9343dc2f,2
f4c6c9f5141234b9534b84e04b5ecbe3f290a1f89e2f0ea01c25d283d9f449a6,2
f5831709046bd9646fa38b374239f7bb046a56c0c36ef3823650b7298a21867d,2
ed827fa972fbe0fc333840de4277cd67427f52542acf876cc13ec8222836fdea,2
ee04139bee27f17913d893093a7dece9ff1f65c717cfcec5e386dcccb4072d01,2
ef05ee1bb621803e40d125542fbe7402e098e4571a2990a2cc2dad0d25b33426,2
ef5af65cb09862768eecda07a2d82fce83bf1baf2dbfbdd7c6301990dcbb11ec,2
ef746a47aeba4532f23d48ad0ef0fc568dcc1ab2c6206951753be6007af65500,2
f054c437e1e3277cc10488f5d2cda9c8b6873eeb7cc53c3c9ea49e7d7fb86ff0,2
f0a5accebd7d5c75ed817cb1d6825605d13c735641e2fd17e200f037ffbcd7a7,2
f0b10c78ce6bdb5e2397ffd2038ec0d4a7127ef2b385b964a5954e68e0b13d19,2
f0c159ccd0433d5333c58a10a3363823e9e635723c818df90f1c919520b91df3,2
02818b6786b7df6193b48f7e4c3c49b511f4f7793ceb708df123f58c896fc1b0,2
0066de460fc267f85dd72565b26370aefe3ad12c91c6b0b52fa8ad878f8696bb,2
054cf7f2e1083c7d131bb0463140c1b518a8ff97991697223900e7dc4b8c49d1,2
058cd527906c847cb887534684f7c80950c9538ccae024e9d60f3a2ecaabd1b1,2
058f0238bf180b771130285db0d590623de1d795af85fd5273a2b73bc5a931bf,2
01057642e989e65aeb552e83cd69934f01b9c4293e8e9ec975f847de6172d68a,2
06c575181f3d178bb50b07a438f9531ac1bc891915d3ef2fac971dceaf8d77b0,2
06d39c94fcac14d5fa3d0248b9143c72449b484868abd135829a7fe641a23ba6,2
06dd9ab3799a7769f6a9d085c5195bfb56bd88a55d6a42b595290b1145414a89,2
fd65b0997e2f5b0a8f3b7b80c37bd4c344d4230e3772640882fb5f8e16c1ba17,2
fe0cf07726b12759abfca533ae3325a07ec5f387b9b94a73a1992d2846e981ba,2
fea4686e70532bb0c9842819709b20c59c36f94e49ac2b6f1ccb220d489395f1,2
fec7ffe4d466e2a02d9993efb30595ec3f01ecf278c334f163c70449044dd18f,2
ff1d0d48f9b575798dd5a7a35da1592c4b0f943c91c1afd0959bd666773e1c4f,2
f166f4ed5a9639408b0c6a6ab6eb0dc26d6cbc23551d96325750c59889a8b35c,2
f191d37a7bc9ba1e55a00911b0de9d6950714e2a634293e5edd22abddc0f4dc7,2
07acafd2e1f0e55014463153818dcb1059d4a3558e39cd5ed7010f3a7a17cd40,2
085fa0ddae814e7d924ac1159af47eadd90605ada1d3efc603915f89709269b3,2
fa0b6bbb1c1be9f21af3b2bef1d40b3206313c6a910ff289d5628a517e0354ae,2
fa865b80961b63d82afef535d266c21f3f3b7ba39e1b3bc6199cb8e12be33b36,2
fa911e35ecdfde37e74199b426c53341384994a63b9e07c53117cca2bf5c4bec,2
fac6b53afe9c73eba7105f0f084ccb5f3fcbccf14bd166cfb47044cb37639ba3,2
fafdfa016cef674719cf74009b1afcc502236b85b1e3ddfec4a8111503eb6f31,2
fc544d6a03d78ae95f1b7a63bd0d07f69120497e0f8148df2020038fe140ef2a,2
f6ec24bae5817f47690862e8e6245df5e61425e2ff3b7f66e22001ea8c52847a,2
f6f58d81ff726973002deebdab868113182da1e566cd0f7b210443ed6bbec4ce,2
f764cbfb8a469f2a082bcefc061f5c96be0efdf27488436b621b3f9ede889713,2
f79477af23c06b470cd01b15243f730a19283bdc2f98db91dccf9cbd7a9b3f5c,2
f91daa88fc1d64f2be213c84c4f68534eae8fccf0bd80959d01ffd5b18f9a159,2
03f5b1900c981135ce211ff12f975e2c590d6d31a59c3a737bf48c9157222391,2
03d6e03aa742d72dc79d3e8cf10d178805d2c3e0ca6e6ed79b161c709a9e5575,2
03650458fb10cb520c126b778bb732124378c504d0016a65770a38664c4d3ebb,2
