value,count,share
"Write a complete, robust Python script to check if a given string contains any repeated characters. The script must handle case-insensitivity and provide clear output.",135,0.001254075746175069
Implement an optimized method within a class called 'StringProcessor' that provides a public method to take any input string and return a new string composed solely of the first character of each word. Focus on time and space complexity.,127,0.0011797601464017316
"Create an efficient algorithm, preferably using regular expressions or string splitting, to take a long string and return a new string composed only of the initial characters of all words. Provide the complete, runnable Python code.",118,0.001096155096656727
Write a comprehensive example demonstrating the use of the most Pythonic and efficient built-in method for splitting a string into words.,117,0.0010868656466850597
Create an efficient algorithm to find all characters that appear more than once in a given string. The output should be a list of these duplicate characters.,109,0.0010125500469117224
"Implement an optimized method within a class called 'SentenceProcessor' that contains a function to split any given sentence into constituent words, handling multiple spaces correctly and returning a list of non-empty strings. Use best practices.",108,0.001003260596940055
Design and implement an optimized method within a dictionary class where keys are pairs of input words and values are their combined string representation.,106,0.0009846816969967208
"Create a class method 'tokenize' within a class designed for natural language processing. This method must accept a sentence string and return a list of tokens (words) after splitting by whitespace, ensuring the code is production-ready and highly optimized for string manipulation.",104,0.0009661027970533864
Write an efficient function that takes a sentence string and uses the built-in string methods to split it into words. Provide comments explaining the time complexity of the operation and ensure the solution adheres to Pythonic principles.,100,0.0009289449971667178
"Refactor the initial conversion script to ensure all error handling is implemented using specific custom exceptions, adhering to best-practice Python error management principles.",81,0.0007524454477050414
"Create a function that takes a list of weight measurements and applies a specified percentage change (as a decimal) to every measurement, returning the new list of weights. Ensure the implementation is vectorized or highly optimized for large lists.",81,0.0007524454477050414
"Implement a function that accepts a list of coordinates (x, y) tuples and calculates the area of the smallest bounding box enclosing all points. Use numpy if appropriate for vector operations.",80,0.0007431559977333742
"Implement an optimized function named 'calculate_polygon_area' that accepts a list of ordered (x, y) tuples representing the vertices of a polygon and returns the area using the Shoelace formula. Ensure the function handles potential floating-point inaccuracies gracefully.",80,0.0007431559977333742
"Create a comprehensive Python module for volume management. This module should expose functions for converting between metric (L, mL, m³) and imperial (L, gal) units. Ensure the code is modular, adheres strictly to Python best practices, and includes type hinting for maximum readability and maintainability.",80,0.0007431559977333742
Develop a class named `WeightCalculator` with a method to calculate the weight difference between any two provided weights. Ensure the class design is object-oriented and adheres to best practices.,80,0.0007431559977333742
"Implement a function that takes a length in any supported unit and converts it to a specified target unit, handling the conversion logic cleanly and efficiently.",80,0.0007431559977333742
"Implement an optimized class named 'VolumeCalculator' with a method to accept a list of volume measurements (in various units) and return the total volume in a specified target unit, using type hinting and efficient list comprehension.",80,0.0007431559977333742
"Create a comprehensive utility function that takes a time string in 'HH:MM:SS' format and converts it into a total number of seconds, and then converts that total into a human-readable string format (e.g., 'X days, Y hours, Z minutes').",79,0.000733866547761707
"Develop a class named `LengthConverter` with a method `convert(value, from_unit, to_unit)` that can convert lengths between meters and feet. Ensure the conversion logic is mathematically precise and efficient.",79,0.000733866547761707
"Implement an optimized Python function named `calculate_average_temperature` that accepts a list of temperature readings (floats) and returns the arithmetic mean, using list comprehension or built-in functions for efficiency.",79,0.000733866547761707
Implement an optimized Python function named `convert_temp` that takes a list of temperature readings in Celsius and returns a new list containing the equivalent readings in Fahrenheit. The function must be highly efficient and use list comprehensions.,78,0.0007245770977900399
"Write a benchmark script comparing the performance of calculating the area for 10,000 rectangles versus 10,000 circles, focusing on algorithmic efficiency.",78,0.0007245770977900399
"Develop a standalone Python function named 'convert_volume' that accepts a volume value and a source unit string, and returns the equivalent volume in a target unit specified by an optional parameter. Use a dictionary to store all necessary conversion rates and ensure the function handles potential input errors gracefully.",78,0.0007245770977900399
Design and implement a dictionary-based solution to store multiple weight pairs and provide a function to quickly retrieve the difference for any stored pair.,78,0.0007245770977900399
"Create a command-line interface script that prompts the user to enter two words and then prints their combination, utilizing robust input handling.",78,0.0007245770977900399
"Write a complete program that simulates reading temperature data from a predefined set of sensor inputs and displays the results in a neatly formatted table, including the conversion to Kelvin for each entry.",78,0.0007245770977900399
Implement a recursive function to traverse a nested dictionary structure representing weight records and extract all numerical weight values.,77,0.0007152876478183727
Write an optimized function to calculate the area of a circle given its radius. Use the value of math.pi and ensure the calculation is precise.,77,0.0007152876478183727
"Implement an optimized class named TimeConverter that provides methods to accurately convert time between various units (e.g., seconds to minutes, hours to days), ensuring all calculations are mathematically precise.",77,0.0007152876478183727
"Design a system where a user can input the type of shape (rectangle, circle) and its relevant dimensions, and the program automatically calculates and displays the area. Use conditional logic for flow control.",77,0.0007152876478183727
