topic_id,instruction_id,topic,instruction,code,valid,variant_idx,id,code_file
0,1,Add two simple quantities together,Implement an optimized function named 'add_two_numbers' that accepts two arguments and returns their sum. Ensure it is highly efficient.,"def add_two_numbers(a, b):
    return a + b
if __name__ == '__main__':
    num1 = 5
    num2 = 10
    result = add_two_numbers(num1, num2)
    print(result)",True,0,0,0_1.py
0,2,Add two simple quantities together,Develop a class named 'QuantityAdder' with a method to add any two provided quantities. The implementation must be clean and object-oriented.,"class QuantityAdder:
    def add(self, a, b):
        return a + b
if __name__ == '__main__':
    adder = QuantityAdder()
    num1 = 10
    num2 = 5
    result = adder.add(num1, num2)
    print(result)",True,0,1,0_2.py
0,2,Add two simple quantities together,Develop a class named 'QuantityAdder' with a method to add any two provided quantities. The implementation must be clean and object-oriented.,"class QuantityAdder:
    def add(self, quantity1, quantity2):
        return quantity1 + quantity2
if __name__ == '__main__':
    adder = QuantityAdder()
    a = 10
    b = 5
    result = adder.add(a, b)
    print(result)",True,1,2,0_2_1.py
0,2,Add two simple quantities together,Develop a class named 'QuantityAdder' with a method to add any two provided quantities. The implementation must be clean and object-oriented.,"class QuantityAdder:
    def add(self, a, b):
        return a + b
if __name__ == '__main__':
    adder = QuantityAdder()
    result1 = adder.add(10, 5)
    print(f""10 + 5 = {result1}"")
    result2 = adder.add(100, -30)
    print(f""100 + (-30) = {result2}"")",True,2,3,0_2_2.py
0,2,Add two simple quantities together,Develop a class named 'QuantityAdder' with a method to add any two provided quantities. The implementation must be clean and object-oriented.,"class QuantityAdder:
    def add(self, a, b):
        return a + b
if __name__ == '__main__':
    adder = QuantityAdder()
    num1 = 15
    num2 = 7
    result = adder.add(num1, num2)
    print(result)",True,3,4,0_2_3.py
0,3,Add two simple quantities together,"Write a short, efficient Python program that directly calculates the sum of the fixed integer values 15 and 27 and prints the result.","if __name__ == '__main__':
    result = 15 + 27
    print(result)",True,0,5,0_3.py
0,4,Add two simple quantities together,Create a reusable function that takes two floating-point numbers as input and returns their precise sum. Use type hinting.,"def precise_sum(a: float, b: float) -> float:
    return a + b
if __name__ == '__main__':
    result1 = precise_sum(1.5, 2.3)
    print(result1)
    result2 = precise_sum(-5.0, 10.75)
    print(result2)",True,0,6,0_4.py
0,4,Add two simple quantities together,Create a reusable function that takes two floating-point numbers as input and returns their precise sum. Use type hinting.,"def precise_sum(a: float, b: float) -> float:
    return a + b
if __name__ == '__main__':
    result1 = precise_sum(1.5, 2.7)
    print(result1)
    result2 = precise_sum(-3.14, 5.0)
    print(result2)",True,1,7,0_4_1.py
0,4,Add two simple quantities together,Create a reusable function that takes two floating-point numbers as input and returns their precise sum. Use type hinting.,"def precise_sum(a: float, b: float) -> float:
    return a + b
if __name__ == '__main__':
    result = precise_sum(3.14, 2.71)
    print(result)",True,2,8,0_4_2.py
0,4,Add two simple quantities together,Create a reusable function that takes two floating-point numbers as input and returns their precise sum. Use type hinting.,"def precise_sum(a: float, b: float) -> float:
    return a + b
if __name__ == '__main__':
    result1 = precise_sum(1.5, 2.7)
    print(result1)
    result2 = precise_sum(-3.14159, 0.001)
    print(result2)",True,3,9,0_4_3.py
0,4,Add two simple quantities together,Create a reusable function that takes two floating-point numbers as input and returns their precise sum. Use type hinting.,"def precise_sum(a: float, b: float) -> float:
    return a + b
if __name__ == '__main__':
    result = precise_sum(3.14159, 2.71828)
    print(result)",True,4,10,0_4_4.py
0,0,Add two simple quantities together,"Write a complete, well-documented Python script that prompts the user to enter two numbers and then prints their sum.","def calculate_sum(num1, num2):
    return num1 + num2
num1 = 15
num2 = 27
result = calculate_sum(num1, num2)
print(result)
if __name__ == '__main__':
    pass",True,0,11,0_0.py
0,0,Add two simple quantities together,"Write a complete, well-documented Python script that prompts the user to enter two numbers and then prints their sum.","def calculate_sum(num1, num2):
    return num1 + num2
if __name__ == '__main__':
    number1 = 15
    number2 = 27
    result = calculate_sum(number1, number2)
    print(result)",True,1,12,0_0_1.py
0,0,Add two simple quantities together,"Write a complete, well-documented Python script that prompts the user to enter two numbers and then prints their sum.","def calculate_sum():
    num1 = 15
    num2 = 27
    sum_result = num1 + num2
    print(sum_result)
if __name__ == '__main__':
    calculate_sum()",True,2,13,0_0_2.py
0,7,Add two simple quantities together,Design and code a solution using list comprehension to find the sum of all elements in a list containing exactly two numbers.,"if __name__ == '__main__':
    data = [10, 25]
    total_sum = sum(data)
    print(total_sum)",True,0,14,0_7.py
0,8,Add two simple quantities together,"Write an optimized function that handles potential errors if the input provided for addition is not numeric, raising a ValueError otherwise.","def safe_add(a, b):
    try:
        result = a + b
        return result
    except TypeError:
        raise ValueError(""Inputs must be numeric for addition"")
if __name__ == '__main__':
    print(safe_add(5, 3))
    try:
        safe_add(5, ""3"")
    except ValueError as e:
        print(f""Error caught: {e}"")
    try:
        safe_add(""5"", 3)
    except ValueError as e:
        print(f""Error caught: {e}"")",True,0,15,0_8.py
0,8,Add two simple quantities together,"Write an optimized function that handles potential errors if the input provided for addition is not numeric, raising a ValueError otherwise.","def safe_addition(a, b):
    try:
        result = a + b
        return result
    except TypeError:
        raise ValueError(""Inputs must be numeric for addition"")
if __name__ == '__main__':
    print(safe_addition(5, 3))
    try:
        safe_addition(5, ""hello"")
    except ValueError as e:
        print(f""Error caught: {e}"")",True,1,16,0_8_1.py
0,9,Add two simple quantities together,Generate a simple command-line tool using Python that accepts two numerical arguments and outputs their addition result to standard output.,"import sys
if __name__ == '__main__':
    if len(sys.argv) != 3:
        print(""Usage: python script_name.py num1 num2"", file=sys.stderr)
    else:
        try:
            num1 = float(sys.argv[1])
            num2 = float(sys.argv[2])
            result = num1 + num2
            print(result)
        except ValueError:
            print(""Error: Arguments must be valid numbers."", file=sys.stderr)",True,0,17,0_9.py
0,9,Add two simple quantities together,Generate a simple command-line tool using Python that accepts two numerical arguments and outputs their addition result to standard output.,"import sys
if __name__ == '__main__':
    if len(sys.argv) != 3:
        print(""Usage: python script_name.py num1 num2"", file=sys.stderr)
    else:
        try:
            num1 = float(sys.argv[1])
            num2 = float(sys.argv[2])
            result = num1 + num2
            print(result)
        except ValueError:
            print(""Error: Both arguments must be valid numbers."", file=sys.stderr)",True,1,18,0_9_1.py
0,5,Add two simple quantities together,Write a script that reads two separate integer inputs from the console and calculates and displays their total sum.,"if __name__ == '__main__':
    num1 = 15
    num2 = 27
    total_sum = num1 + num2
    print(total_sum)",True,0,19,0_5.py
0,11,Add two simple quantities together,Implement an optimized function named 'add_two_numbers' that accepts two integer arguments and returns their sum. Ensure the implementation is concise and efficient.,"def add_two_numbers(a, b):
    return a + b
if __name__ == '__main__':
    result1 = add_two_numbers(5, 3)
    print(result1)
    result2 = add_two_numbers(-10, 20)
    print(result2)",True,0,20,0_11.py
0,11,Add two simple quantities together,Implement an optimized function named 'add_two_numbers' that accepts two integer arguments and returns their sum. Ensure the implementation is concise and efficient.,"def add_two_numbers(a, b):
    return a + b
if __name__ == '__main__':
    result = add_two_numbers(5, 3)
    print(result)",True,1,21,0_11_1.py
0,12,Add two simple quantities together,Develop a class named 'QuantityAdder' with a method to add any two provided quantities. The class should be designed for reusability and adhere to object-oriented best practices.,"class QuantityAdder:
    def add(self, quantity1, quantity2):
        return quantity1 + quantity2
if __name__ == '__main__':
    adder = QuantityAdder()
    a = 10
    b = 5
    result = adder.add(a, b)
    print(result)",True,0,22,0_12.py
0,12,Add two simple quantities together,Develop a class named 'QuantityAdder' with a method to add any two provided quantities. The class should be designed for reusability and adhere to object-oriented best practices.,"class QuantityAdder:
    def add(self, quantity1, quantity2):
        return quantity1 + quantity2
if __name__ == '__main__':
    adder = QuantityAdder()
    result = adder.add(10, 5)
    print(result)",True,1,23,0_12_1.py
0,13,Add two simple quantities together,"Write a single line of Python code that defines and immediately executes the addition of the constants 15 and 27, storing the result in a variable named 'total'.",if __name__ == '__main__': total = 15 + 27,True,0,24,0_13.py
0,6,Add two simple quantities together,"Implement a decorator for the 'add' operation that can be applied to any function taking exactly two arguments, ensuring it returns the sum of those arguments.",,False,0,25,0_6.py
1,0,Subtract one value from another,"Write a complete, well-documented Python script that prompts the user to enter two numbers and then calculates and prints the result of subtracting the second number from the first. Use clear variable names.","def calculate_difference():
    first_number = 25
    second_number = 10
    result = first_number - second_number
    print(result)
if __name__ == '__main__':
    calculate_difference()",True,0,26,1_0.py
1,0,Subtract one value from another,"Write a complete, well-documented Python script that prompts the user to enter two numbers and then calculates and prints the result of subtracting the second number from the first. Use clear variable names.","if __name__ == '__main__':
    number_one = 25
    number_two = 10
    result = number_one - number_two
    print(result)",True,1,27,1_0_1.py
1,1,Subtract one value from another,Implement an optimized function named 'subtract_two' that accepts two numerical arguments and returns the difference between the first argument and the second. Ensure the function is highly efficient and handles integer inputs.,"def subtract_two(a, b):
    return a - b
if __name__ == '__main__':
    num1 = 25
    num2 = 7
    result = subtract_two(num1, num2)
    print(result)",True,0,28,1_1.py
1,1,Subtract one value from another,Implement an optimized function named 'subtract_two' that accepts two numerical arguments and returns the difference between the first argument and the second. Ensure the function is highly efficient and handles integer inputs.,"def subtract_two(a, b):
    return a - b
if __name__ == '__main__':
    result1 = subtract_two(10, 3)
    print(result1)
    result2 = subtract_two(-5, 7)
    print(result2)
    result3 = subtract_two(0, 42)
    print(result3)",True,1,29,1_1_1.py
1,2,Subtract one value from another,"Develop a class named 'Calculator' with a method 'subtract(self, a, b)' that performs the subtraction $a - b$. The implementation must be clean and adhere to object-oriented programming best practices.","class Calculator:
    def subtract(self, a, b):
        return a - b
if __name__ == '__main__':
    calc = Calculator()
    result = calc.subtract(10, 4)
    print(result)",True,0,30,1_2.py
1,3,Subtract one value from another,Write a robust Python function that takes two floating-point numbers as input and returns their difference. Include error handling to catch potential `TypeError` or `ValueError` if non-numeric input is provided.,"def calculate_difference(a, b):
    try:
        result = float(a) - float(b)
        return result
    except (TypeError, ValueError):
        raise TypeError(""Both inputs must be convertible to floating-point numbers."")
if __name__ == '__main__':
    print(calculate_difference(10.5, 4.2))
    try:
        calculate_difference(""hello"", 3.0)
    except TypeError as e:
        print(f""Error caught: {e}"")
    try:
        calculate_difference(5, ""not_a_number"")
    except TypeError as e:
        print(f""Error caught: {e}"")",True,0,31,1_3.py
1,3,Subtract one value from another,Write a robust Python function that takes two floating-point numbers as input and returns their difference. Include error handling to catch potential `TypeError` or `ValueError` if non-numeric input is provided.,"def calculate_difference(a, b):
    try:
        result = float(a) - float(b)
        return result
    except (TypeError, ValueError):
        raise TypeError(""Both inputs must be convertible to floating-point numbers."")
if __name__ == '__main__':
    print(calculate_difference(10.5, 3.2))
    try:
        calculate_difference(""hello"", 5.0)
    except TypeError as e:
        print(f""Error caught: {e}"")
    try:
        calculate_difference(10, ""world"")
    except TypeError as e:
        print(f""Error caught: {e}"")",True,1,32,1_3_1.py
1,3,Subtract one value from another,Write a robust Python function that takes two floating-point numbers as input and returns their difference. Include error handling to catch potential `TypeError` or `ValueError` if non-numeric input is provided.,"def calculate_difference(a, b):
    try:
        result = float(a) - float(b)
        return result
    except (TypeError, ValueError):
        raise TypeError(""Both inputs must be convertible to floating-point numbers."")
if __name__ == '__main__':
    print(calculate_difference(10.5, 4.2))
    try:
        calculate_difference(10, ""hello"")
    except TypeError as e:
        print(f""Error caught: {e}"")
    try:
        calculate_difference([1, 2], 3)
    except TypeError as e:
        print(f""Error caught: {e}"")",True,2,33,1_3_2.py
1,3,Subtract one value from another,Write a robust Python function that takes two floating-point numbers as input and returns their difference. Include error handling to catch potential `TypeError` or `ValueError` if non-numeric input is provided.,"def calculate_difference(a, b):
    try:
        result = float(a) - float(b)
        return result
    except (TypeError, ValueError):
        raise TypeError(""Both inputs must be convertible to floating-point numbers."")
if __name__ == '__main__':
    print(calculate_difference(10.5, 3.2))
    try:
        calculate_difference(10, ""hello"")
    except TypeError as e:
        print(f""Error caught: {e}"")
    try:
        calculate_difference([1, 2], 5)
    except TypeError as e:
        print(f""Error caught: {e}"")",True,3,34,1_3_3.py
1,3,Subtract one value from another,Write a robust Python function that takes two floating-point numbers as input and returns their difference. Include error handling to catch potential `TypeError` or `ValueError` if non-numeric input is provided.,"def calculate_difference(a, b):
    try:
        result = float(a) - float(b)
        return result
    except (TypeError, ValueError):
        raise ValueError(""Both inputs must be convertible to floating-point numbers."")
if __name__ == '__main__':
    print(calculate_difference(10.5, 3.2))
    try:
        calculate_difference(""hello"", 5)
    except ValueError as e:
        print(f""Error caught: {e}"")
    try:
        calculate_difference(10, [5])
    except ValueError as e:
        print(f""Error caught: {e}"")",True,4,35,1_3_4.py
0,10,Add two simple quantities together,"Write a complete, well-documented Python script that prompts the user to enter two numbers and then prints their sum. Use clear variable names and handle input conversion robustly.",,False,0,36,0_10.py
1,5,Subtract one value from another,"Implement a generator function that yields the result of subtracting a fixed value (e.g., 5) from every number in an input list of integers. Ensure the implementation is memory-efficient.","def subtract_fixed_value(data, fixed_value):
    for item in data:
        yield item - fixed_value
if __name__ == '__main__':
    input_list = [10, 20, 30, 40, 50]
    fixed = 5
    result_generator = subtract_fixed_value(input_list, fixed)
    output_list = list(result_generator)
    print(output_list)",True,0,37,1_5.py
1,5,Subtract one value from another,"Implement a generator function that yields the result of subtracting a fixed value (e.g., 5) from every number in an input list of integers. Ensure the implementation is memory-efficient.","def subtract_fixed_value(data, fixed_value):
    for item in data:
        yield item - fixed_value
if __name__ == '__main__':
    input_list = [10, 25, 30, 45]
    fixed = 5
    result_generator = subtract_fixed_value(input_list, fixed)
    output_list = list(result_generator)
    print(output_list)",True,1,38,1_5_1.py
1,5,Subtract one value from another,"Implement a generator function that yields the result of subtracting a fixed value (e.g., 5) from every number in an input list of integers. Ensure the implementation is memory-efficient.","def subtract_fixed_value(data, fixed_value):
    for item in data:
        yield item - fixed_value
if __name__ == '__main__':
    input_list = [10, 20, 30, 40, 50]
    fixed_subtractor = 5
    result_generator = subtract_fixed_value(input_list, fixed_subtractor)
    output_list = list(result_generator)
    print(output_list)",True,2,39,1_5_2.py
1,5,Subtract one value from another,"Implement a generator function that yields the result of subtracting a fixed value (e.g., 5) from every number in an input list of integers. Ensure the implementation is memory-efficient.","def subtract_fixed_value(data, fixed_value):
    for item in data:
        yield item - fixed_value
if __name__ == '__main__':
    input_list = [10, 25, 30, 45]
    result_generator = subtract_fixed_value(input_list, 5)
    output_list = list(result_generator)
    print(output_list)",True,3,40,1_5_3.py
1,6,Subtract one value from another,Write a concise and highly readable Python expression or one-line function definition that directly calculates $A - B$ given two variables A and B.,"if __name__ == '__main__':
    A = 10
    B = 3
    result = A - B
    print(result)",True,0,41,1_6.py
1,6,Subtract one value from another,Write a concise and highly readable Python expression or one-line function definition that directly calculates $A - B$ given two variables A and B.,"if __name__ == '__main__':
    A = 10
    B = 4
    result = A - B
    print(result)",True,1,42,1_6_1.py
1,7,Subtract one value from another,Design and implement a decorator named 'subtract_decorator' that wraps a function and modifies its result by subtracting a constant value from the original output. Demonstrate its use with a sample subtraction operation.,"def subtract_decorator(constant_value):
    def decorator(func):
        def wrapper(*args, **kwargs):
            result = func(*args, **kwargs)
            return result - constant_value
        return wrapper
    return decorator
@subtract_decorator(5)
def add(a, b):
    return a + b
if __name__ == '__main__':
    x = 10
    y = 20
    result = add(x, y)
    print(result)",True,0,43,1_7.py
1,7,Subtract one value from another,Design and implement a decorator named 'subtract_decorator' that wraps a function and modifies its result by subtracting a constant value from the original output. Demonstrate its use with a sample subtraction operation.,"def subtract_decorator(constant_value):
    def decorator(func):
        def wrapper(*args, **kwargs):
            result = func(*args, **kwargs)
            return result - constant_value
        return wrapper
    return decorator
@subtract_decorator(5)
def sample_subtraction(a, b):
    return a - b
if __name__ == '__main__':
    x = 10
    y = 3
    result = sample_subtraction(x, y)
    print(result)",True,1,44,1_7_1.py
1,7,Subtract one value from another,Design and implement a decorator named 'subtract_decorator' that wraps a function and modifies its result by subtracting a constant value from the original output. Demonstrate its use with a sample subtraction operation.,"def subtract_decorator(constant_value):
    def decorator(func):
        def wrapper(*args, **kwargs):
            result = func(*args, **kwargs)
            return result - constant_value
        return wrapper
    return decorator
@subtract_decorator(5)
def add(a, b):
    return a + b
if __name__ == '__main__':
    result = add(10, 20)
    print(result)",True,2,45,1_7_2.py
1,8,Subtract one value from another,"Write an optimized script that reads two numbers from standard input (one on each line) and calculates their difference, printing the result formatted to two decimal places if the inputs are floats.","if __name__ == '__main__':
    input_data = [10.5, 5.2]
    num1 = input_data[0]
    num2 = input_data[1]
    result = num1 - num2
    if isinstance(num1, float) or isinstance(num2, float):
        print(f""{result:.2f}"")
    else:
        print(result)",True,0,46,1_8.py
1,8,Subtract one value from another,"Write an optimized script that reads two numbers from standard input (one on each line) and calculates their difference, printing the result formatted to two decimal places if the inputs are floats.","if __name__ == '__main__':
    input_data = ""10.5\n5.2""
    lines = input_data.strip().split('\n')
    num1 = float(lines[0])
    num2 = float(lines[1])
    result = num1 - num2
    if isinstance(num1, float) and isinstance(num2, float):
        print(f""{result:.2f}"")
    else:
        print(result)",True,1,47,1_8_1.py
1,8,Subtract one value from another,"Write an optimized script that reads two numbers from standard input (one on each line) and calculates their difference, printing the result formatted to two decimal places if the inputs are floats.","import sys
def calculate_difference(num1, num2):
    if isinstance(num1, float) or isinstance(num2, float):
        result = num1 - num2
        print(f""{result:.2f}"")
    else:
        result = num1 - num2
        print(result)
if __name__ == '__main__':
    input_data = [3.14159, 2.71828]
    num1 = input_data[0]
    num2 = input_data[1]
    calculate_difference(num1, num2)",True,2,48,1_8_2.py
1,9,Subtract one value from another,"Develop a comprehensive module containing at least three distinct functions for subtraction: one for integers, one for floats, and one that handles mixed input types gracefully. Ensure all code is production-ready and follows strict PEP 8 guidelines.","def subtract_integers(a: int, b: int) -> int:
    return a - b
def subtract_floats(a: float, b: float) -> float:
    return a - b
def subtract_mixed(a: float, b: int) -> float:
    return a - float(b)
if __name__ == '__main__':
    int_result = subtract_integers(25, 10)
    float_result = subtract_floats(15.75, 4.3)
    mixed_result = subtract_mixed(100.5, 50)
    print(f""Integer Subtraction (25 - 10): {int_result}"")
    print(f""Float Subtraction (15.75 - 4.3): {float_result}"")
    print(f""Mixed Subtraction (100.5 - 50): {mixed_result}"")",True,0,49,1_9.py
1,9,Subtract one value from another,"Develop a comprehensive module containing at least three distinct functions for subtraction: one for integers, one for floats, and one that handles mixed input types gracefully. Ensure all code is production-ready and follows strict PEP 8 guidelines.","def subtract_integers(a: int, b: int) -> int:
    return a - b
def subtract_floats(a: float, b: float) -> float:
    return a - b
def subtract_mixed(a: float, b: int) -> float:
    return a - float(b)
if __name__ == '__main__':
    int_result = subtract_integers(25, 10)
    float_result = subtract_floats(3.75, 1.25)
    mixed_result = subtract_mixed(10.5, 4)
    print(f""Integer Subtraction (25 - 10): {int_result}"")
    print(f""Float Subtraction (3.75 - 1.25): {float_result}"")
    print(f""Mixed Subtraction (10.5 - 4): {mixed_result}"")",True,1,50,1_9_1.py
1,9,Subtract one value from another,"Develop a comprehensive module containing at least three distinct functions for subtraction: one for integers, one for floats, and one that handles mixed input types gracefully. Ensure all code is production-ready and follows strict PEP 8 guidelines.","def subtract_integers(a: int, b: int) -> int:
    return a - b
def subtract_floats(a: float, b: float) -> float:
    return a - b
def subtract_mixed(a: float | int, b: float | int) -> float:
    return float(a) - float(b)
if __name__ == '__main__':
    int_result = subtract_integers(25, 10)
    print(f""Integer Subtraction (25 - 10): {int_result}"")
    float_result = subtract_floats(15.75, 4.25)
    print(f""Float Subtraction (15.75 - 4.25): {float_result}"")
    mixed_result_1 = subtract_mixed(100, 30.5)
    print(f""Mixed Subtraction (100 - 30.5): {mixed_result_1}"")
    mixed_result_2 = subtract_mixed(50, 15)
    print(f""Mixed Subtraction (50 - 15): {mixed_result_2}"")",True,2,51,1_9_2.py
1,9,Subtract one value from another,"Develop a comprehensive module containing at least three distinct functions for subtraction: one for integers, one for floats, and one that handles mixed input types gracefully. Ensure all code is production-ready and follows strict PEP 8 guidelines.","def subtract_integers(a: int, b: int) -> int:
    return a - b
def subtract_floats(a: float, b: float) -> float:
    return a - b
def subtract_mixed(a: float, b: int) -> float:
    return a - float(b)
if __name__ == '__main__':
    int_result = subtract_integers(10, 4)
    float_result = subtract_floats(25.75, 12.3)
    mixed_result = subtract_mixed(15.5, 5)
    print(f""Integer Subtraction (10 - 4): {int_result}"")
    print(f""Float Subtraction (25.75 - 12.3): {float_result}"")
    print(f""Mixed Subtraction (15.5 - 5): {mixed_result}"")",True,3,52,1_9_3.py
1,9,Subtract one value from another,"Develop a comprehensive module containing at least three distinct functions for subtraction: one for integers, one for floats, and one that handles mixed input types gracefully. Ensure all code is production-ready and follows strict PEP 8 guidelines.","def subtract_integers(a: int, b: int) -> int:
    return a - b
def subtract_floats(a: float, b: float) -> float:
    return a - b
def subtract_mixed(a: float | int, b: float | int) -> float:
    if isinstance(a, int) and isinstance(b, int):
        return float(a - b)
    elif isinstance(a, float) and isinstance(b, float):
        return a - b
    elif isinstance(a, int):
        return float(a) - b
    elif isinstance(b, int):
        return a - float(b)
    else:
        raise TypeError(""Unsupported input types for mixed subtraction."")
if __name__ == '__main__':
    int_result = subtract_integers(25, 10)
    print(f""Integer Subtraction (25 - 10): {int_result}"")
    float_result = subtract_floats(15.75, 8.25)
    print(f""Float Subtraction (15.75 - 8.25): {float_result}"")
    mixed_int_float = subtract_mixed(100, 3.5)
    print(f""Mixed Subtraction (100 - 3.5): {mixed_int_float}"")
    mixed_float_int = subtract_mixed(12.5, 5)
    print(f""Mixed Subtraction (12.5 - 5): {mixed_float_int}"")
    mixed_both_float = subtract_mixed(40.5, 12.3)
    print(f""Mixed Subtraction (40.5 - 12.3): {mixed_both_float}"")",True,4,53,1_9_4.py
1,9,Subtract one value from another,"Develop a comprehensive module containing at least three distinct functions for subtraction: one for integers, one for floats, and one that handles mixed input types gracefully. Ensure all code is production-ready and follows strict PEP 8 guidelines.","def subtract_integers(a: int, b: int) -> int:
    return a - b
def subtract_floats(a: float, b: float) -> float:
    return a - b
def subtract_mixed(a: float, b: int) -> float:
    return a - float(b)
if __name__ == '__main__':
    int_result = subtract_integers(25, 10)
    print(f""Integer Subtraction (25 - 10): {int_result}"")
    float_result = subtract_floats(15.75, 4.3)
    print(f""Float Subtraction (15.75 - 4.3): {float_result}"")
    mixed_result = subtract_mixed(100.5, 5)
    print(f""Mixed Subtraction (100.5 - 5): {mixed_result}"")",True,5,54,1_9_5.py
1,9,Subtract one value from another,"Develop a comprehensive module containing at least three distinct functions for subtraction: one for integers, one for floats, and one that handles mixed input types gracefully. Ensure all code is production-ready and follows strict PEP 8 guidelines.","def subtract_integers(a: int, b: int) -> int:
    return a - b
def subtract_floats(a: float, b: float) -> float:
    return a - b
def subtract_mixed(a: float, b: int) -> float:
    return a - float(b)
if __name__ == '__main__':
    int_result = subtract_integers(25, 10)
    print(f""Integer Subtraction (25 - 10): {int_result}"")
    float_result = subtract_floats(15.75, 4.25)
    print(f""Float Subtraction (15.75 - 4.25): {float_result}"")
    mixed_result = subtract_mixed(100.5, 30)
    print(f""Mixed Subtraction (100.5 - 30): {mixed_result}"")",True,6,55,1_9_6.py
1,10,Subtract one value from another,Write a robust Python function named 'subtract_values' that accepts two numerical arguments and returns the result of subtracting the second value from the first. Ensure type hinting is used and include a docstring explaining the function's purpose.,"def subtract_values(a: float, b: float) -> float:
    return a - b
if __name__ == '__main__':
    result = subtract_values(10.5, 3.2)
    print(result)",True,0,56,1_10.py
1,11,Subtract one value from another,"Implement an optimized Python script that prompts the user to input two numbers, reads them as floats, and then calculates and prints the difference between the first number and the second number. Handle potential input errors gracefully using a try-except block.","if __name__ == '__main__':
    num1 = 10.5
    num2 = 4.2
    try:
        result = num1 - num2
        print(result)
    except TypeError:
        print(""Error: Invalid input types."")",True,0,57,1_11.py
1,11,Subtract one value from another,"Implement an optimized Python script that prompts the user to input two numbers, reads them as floats, and then calculates and prints the difference between the first number and the second number. Handle potential input errors gracefully using a try-except block.","if __name__ == '__main__':
    num1 = 15.7
    num2 = 8.3
    try:
        result = num1 - num2
        print(result)
    except TypeError:
        print(""Error: Invalid input types."")",True,1,58,1_11_1.py
1,11,Subtract one value from another,"Implement an optimized Python script that prompts the user to input two numbers, reads them as floats, and then calculates and prints the difference between the first number and the second number. Handle potential input errors gracefully using a try-except block.","if __name__ == '__main__':
    num1 = 10.5
    num2 = 4.2
    try:
        result = num1 - num2
        print(result)
    except ValueError:
        print(""Error: Invalid input. Please ensure both inputs are valid numbers."")",True,2,59,1_11_2.py
1,11,Subtract one value from another,"Implement an optimized Python script that prompts the user to input two numbers, reads them as floats, and then calculates and prints the difference between the first number and the second number. Handle potential input errors gracefully using a try-except block.","if __name__ == '__main__':
    num1 = 10.5
    num2 = 3.2
    try:
        result = num1 - num2
        print(result)
    except ValueError:
        print(""Error: Invalid input provided."")",True,3,60,1_11_3.py
1,11,Subtract one value from another,"Implement an optimized Python script that prompts the user to input two numbers, reads them as floats, and then calculates and prints the difference between the first number and the second number. Handle potential input errors gracefully using a try-except block.","if __name__ == '__main__':
    num1 = 10.5
    num2 = 4.2
    try:
        result = num1 - num2
        print(result)
    except TypeError:
        print(""Error: Invalid input types provided."")",True,4,61,1_11_4.py
1,11,Subtract one value from another,"Implement an optimized Python script that prompts the user to input two numbers, reads them as floats, and then calculates and prints the difference between the first number and the second number. Handle potential input errors gracefully using a try-except block.","if __name__ == '__main__':
    num1 = 15.5
    num2 = 7.2
    try:
        result = num1 - num2
        print(result)
    except TypeError:
        print(""Error: Invalid input types."")",True,5,62,1_11_5.py
1,12,Subtract one value from another,"Develop an efficient class named 'Calculator' with a method 'subtract(self, a, b)' that performs subtraction ($a - b$). The implementation must be clean, highly readable, and follow object-oriented programming best practices.","class Calculator:
    def subtract(self, a, b):
        return a - b
if __name__ == '__main__':
    calc = Calculator()
    result = calc.subtract(10, 4)
    print(result)",True,0,63,1_12.py
1,12,Subtract one value from another,"Develop an efficient class named 'Calculator' with a method 'subtract(self, a, b)' that performs subtraction ($a - b$). The implementation must be clean, highly readable, and follow object-oriented programming best practices.","class Calculator:
    def subtract(self, a, b):
        return a - b
if __name__ == '__main__':
    calc = Calculator()
    result = calc.subtract(10, 4)
    print(result)
    result2 = calc.subtract(5, 12)
    print(result2)",True,1,64,1_12_1.py
1,12,Subtract one value from another,"Develop an efficient class named 'Calculator' with a method 'subtract(self, a, b)' that performs subtraction ($a - b$). The implementation must be clean, highly readable, and follow object-oriented programming best practices.","class Calculator:
    def subtract(self, a, b):
        return a - b
if __name__ == '__main__':
    calc = Calculator()
    result = calc.subtract(20, 7)
    print(result)",True,2,65,1_12_2.py
1,13,Subtract one value from another,"Write a complete, runnable Python program that reads two integers from standard input, performs the subtraction operation (first number minus second number), and prints the final result to the console. Prioritize efficiency.","import sys
if __name__ == '__main__':
    num1 = 15
    num2 = 7
    result = num1 - num2
    print(result)",True,0,66,1_13.py
1,13,Subtract one value from another,"Write a complete, runnable Python program that reads two integers from standard input, performs the subtraction operation (first number minus second number), and prints the final result to the console. Prioritize efficiency.","if __name__ == '__main__':
    num1 = 15
    num2 = 7
    result = num1 - num2
    print(result)",True,1,67,1_13_1.py
1,14,Subtract one value from another,"Create a standalone function that takes two arguments, $operand1$ and $operand2$, and returns the difference ($operand1 - operand2$). The code must be written in the most concise and Pythonic way possible while maintaining clarity.","def difference(operand1, operand2):
    return operand1 - operand2
if __name__ == '__main__':
    result = difference(10, 3)
    print(result)",True,0,68,1_14.py
1,14,Subtract one value from another,"Create a standalone function that takes two arguments, $operand1$ and $operand2$, and returns the difference ($operand1 - operand2$). The code must be written in the most concise and Pythonic way possible while maintaining clarity.","def difference(operand1, operand2):
    return operand1 - operand2
if __name__ == '__main__':
    result = difference(10, 4)
    print(result)",True,1,69,1_14_1.py
2,0,Multiply two given amounts,"Write a complete, well-documented Python script that prompts the user to enter two numbers and then multiplies them, printing the result. Use input validation for integer inputs.","import sys
def multiply_numbers(num1, num2):
    return num1 * num2
if __name__ == '__main__':
    sample_num1 = 15
    sample_num2 = 7
    result = multiply_numbers(sample_num1, sample_num2)
    print(result)",True,0,70,2_0.py
2,0,Multiply two given amounts,"Write a complete, well-documented Python script that prompts the user to enter two numbers and then multiplies them, printing the result. Use input validation for integer inputs.","import sys
def multiply_numbers(num1, num2):
    result = num1 * num2
    print(f""The product is: {result}"")
if __name__ == '__main__':
    num1 = 10
    num2 = 5
    multiply_numbers(num1, num2)",True,1,71,2_0_1.py
2,0,Multiply two given amounts,"Write a complete, well-documented Python script that prompts the user to enter two numbers and then multiplies them, printing the result. Use input validation for integer inputs.","import sys
def multiply_numbers(num1, num2):
    return num1 * num2
if __name__ == '__main__':
    try:
        input_str1 = ""10""
        input_str2 = ""5""
        num1 = int(input_str1)
        num2 = int(input_str2)
        result = multiply_numbers(num1, num2)
        print(result)
    except ValueError:
        print(""Error: Invalid input. Please enter integer values."")",True,2,72,2_0_2.py
2,0,Multiply two given amounts,"Write a complete, well-documented Python script that prompts the user to enter two numbers and then multiplies them, printing the result. Use input validation for integer inputs.","import sys
def multiply_numbers(num1, num2):
    return num1 * num2
if __name__ == '__main__':
    try:
        num1 = 10
        num2 = 5
        result = multiply_numbers(num1, num2)
        print(result)
    except Exception as e:
        print(f""An error occurred: {e}"", file=sys.stderr)",True,3,73,2_0_3.py
2,0,Multiply two given amounts,"Write a complete, well-documented Python script that prompts the user to enter two numbers and then multiplies them, printing the result. Use input validation for integer inputs.","def multiply_numbers(num1, num2):
    result = num1 * num2
    return result
if __name__ == '__main__':
    sample_num1 = 15
    sample_num2 = 7
    try:
        num1 = int(sample_num1)
        num2 = int(sample_num2)
        product = multiply_numbers(num1, num2)
        print(product)
    except ValueError:
        print(""Error: Invalid input. Please enter valid integers."")",True,4,74,2_0_4.py
2,1,Multiply two given amounts,Implement an optimized function named `multiply_two_numbers` that accepts two floating-point numbers and returns their product. Ensure the implementation is highly efficient.,"import math
def multiply_two_numbers(a: float, b: float) -> float:
    return a * b
if __name__ == '__main__':
    num1 = 3.14159
    num2 = 2.71828
    result = multiply_two_numbers(num1, num2)
    print(result)",True,0,75,2_1.py
2,1,Multiply two given amounts,Implement an optimized function named `multiply_two_numbers` that accepts two floating-point numbers and returns their product. Ensure the implementation is highly efficient.,"def multiply_two_numbers(a: float, b: float) -> float:
    return a * b
if __name__ == '__main__':
    num1 = 12.34
    num2 = 5.67
    result = multiply_two_numbers(num1, num2)
    print(result)",True,1,76,2_1_1.py
2,1,Multiply two given amounts,Implement an optimized function named `multiply_two_numbers` that accepts two floating-point numbers and returns their product. Ensure the implementation is highly efficient.,"def multiply_two_numbers(a: float, b: float) -> float:
    return a * b
if __name__ == '__main__':
    num1 = 10.5
    num2 = 4.2
    result = multiply_two_numbers(num1, num2)
    print(result)",True,2,77,2_1_2.py
2,2,Multiply two given amounts,Develop a class named `Multiplier` with an initializer that takes two arguments and a method to multiply those two numbers. The code must be object-oriented and follow best practices.,"class Multiplier:
    def __init__(self, a, b, operation):
        self.a = a
        self.b = b
        self.operation = operation
    def multiply(self):
        if self.operation == 'add':
            return self.a + self.b
        elif self.operation == 'subtract':
            return self.a - self.b
        elif self.operation == 'multiply':
            return self.a * self.b
        else:
            raise ValueError(""Unsupported operation"")
if __name__ == '__main__':
    m1 = Multiplier(10, 5, 'multiply')
    result1 = m1.multiply()
    print(f""10 multiplied by 5 is: {result1}"")
    m2 = Multiplier(20, 8, 'add')
    result2 = m2.multiply()
    print(f""20 added to 8 is: {result2}"")
    m3 = Multiplier(15, 3, 'subtract')
    result3 = m3.multiply()
    print(f""15 minus 3 is: {result3}"")",True,0,78,2_2.py
2,2,Multiply two given amounts,Develop a class named `Multiplier` with an initializer that takes two arguments and a method to multiply those two numbers. The code must be object-oriented and follow best practices.,"class Multiplier:
    def __init__(self, a, b, operation):
        self.a = a
        self.b = b
        self.operation = operation
    def multiply(self):
        if self.operation == 'add':
            return self.a + self.b
        elif self.operation == 'subtract':
            return self.a - self.b
        elif self.operation == 'multiply':
            return self.a * self.b
        else:
            raise ValueError(""Invalid operation specified"")
if __name__ == '__main__':
    m1 = Multiplier(10, 5, 'multiply')
    result1 = m1.multiply()
    print(f""Result 1 (10 * 5): {result1}"")
    m2 = Multiplier(20, 3, 'add')
    result2 = m2.multiply()
    print(f""Result 2 (20 + 3): {result2}"")
    m3 = Multiplier(15, 6, 'subtract')
    result3 = m3.multiply()
    print(f""Result 3 (15 - 6): {result3}"")",True,1,79,2_2_1.py
2,2,Multiply two given amounts,Develop a class named `Multiplier` with an initializer that takes two arguments and a method to multiply those two numbers. The code must be object-oriented and follow best practices.,"class Multiplier:
    def __init__(self, a, b, operation):
        self.a = a
        self.b = b
        self.operation = operation
    def multiply(self):
        if self.operation == 'add':
            return self.a + self.b
        elif self.operation == 'subtract':
            return self.a - self.b
        elif self.operation == 'multiply':
            return self.a * self.b
        else:
            raise ValueError(""Unsupported operation"")
if __name__ == '__main__':
    m1 = Multiplier(10, 5, 'multiply')
    result1 = m1.multiply()
    print(f""10 multiplied by 5 is: {result1}"")
    m2 = Multiplier(20, 3, 'add')
    result2 = m2.multiply()
    print(f""20 added to 3 is: {result2}"")
    m3 = Multiplier(15, 7, 'subtract')
    result3 = m3.multiply()
    print(f""15 subtracted by 7 is: {result3}"")",True,2,80,2_2_2.py
2,2,Multiply two given amounts,Develop a class named `Multiplier` with an initializer that takes two arguments and a method to multiply those two numbers. The code must be object-oriented and follow best practices.,"class Multiplier:
    def __init__(self, a, b, operation):
        self.a = a
        self.b = b
        self.operation = operation
    def multiply(self):
        if self.operation == 'add':
            return self.a + self.b
        elif self.operation == 'subtract':
            return self.a - self.b
        elif self.operation == 'multiply':
            return self.a * self.b
        else:
            raise ValueError(""Unsupported operation"")
if __name__ == '__main__':
    m1 = Multiplier(10, 5, 'multiply')
    result1 = m1.multiply()
    print(f""Result 1 (10 * 5): {result1}"")
    m2 = Multiplier(20, 4, 'add')
    result2 = m2.multiply()
    print(f""Result 2 (20 + 4): {result2}"")
    m3 = Multiplier(15, 3, 'subtract')
    result3 = m3.multiply()
    print(f""Result 3 (15 - 3): {result3}"")",True,3,81,2_2_3.py
2,2,Multiply two given amounts,Develop a class named `Multiplier` with an initializer that takes two arguments and a method to multiply those two numbers. The code must be object-oriented and follow best practices.,"class Multiplier:
    def __init__(self, a, b, operation):
        self.a = a
        self.b = b
        self.operation = operation
    def multiply(self):
        if self.operation == 'add':
            return self.a + self.b
        elif self.operation == 'subtract':
            return self.a - self.b
        elif self.operation == 'multiply':
            return self.a * self.b
        else:
            raise ValueError(""Unsupported operation"")
if __name__ == '__main__':
    m1 = Multiplier(10, 5, 'multiply')
    result1 = m1.multiply()
    print(f""Result of multiplying 10 and 5: {result1}"")
    m2 = Multiplier(20, 8, 'add')
    result2 = m2.multiply()
    print(f""Result of adding 20 and 8: {result2}"")
    m3 = Multiplier(15, 3, 'subtract')
    result3 = m3.multiply()
    print(f""Result of subtracting 15 and 3: {result3}"")",True,4,82,2_2_4.py
2,2,Multiply two given amounts,Develop a class named `Multiplier` with an initializer that takes two arguments and a method to multiply those two numbers. The code must be object-oriented and follow best practices.,"class Multiplier:
    def __init__(self, a, b, operation):
        self.a = a
        self.b = b
        self.operation = operation
    def multiply(self):
        if self.operation == 'add':
            return self.a + self.b
        elif self.operation == 'subtract':
            return self.a - self.b
        elif self.operation == 'multiply':
            return self.a * self.b
        else:
            raise ValueError(""Unsupported operation"")
if __name__ == '__main__':
    m1 = Multiplier(10, 5, 'multiply')
    result1 = m1.multiply()
    print(f""10 multiplied by 5 is: {result1}"")
    m2 = Multiplier(20, 8, 'add')
    result2 = m2.multiply()
    print(f""20 added to 8 is: {result2}"")
    m3 = Multiplier(15, 3, 'subtract')
    result3 = m3.multiply()
    print(f""15 subtracted by 3 is: {result3}"")",True,5,83,2_2_5.py
2,3,Multiply two given amounts,"Write a concise Python function that takes two arguments, $a$ and $b$, and returns their product using the most direct mathematical operation possible.","def multiply(a, b):
    return a * b
if __name__ == '__main__':
    result = multiply(5, 3)
    print(result)",True,0,84,2_3.py
0,14,Add two simple quantities together,Create a command-line executable script that reads two numbers from command-line arguments and outputs their sum to standard output. Ensure error handling for non-integer inputs is included.,,False,0,85,0_14.py
2,5,Multiply two given amounts,"Implement a generator function that yields the product of every possible pair generated by two separate input sequences (e.g., multiplying each element from list A by each element from list B). Focus on efficiency for large lists.","def product_pairs(A, B):
    for a in A:
        for b in B:
            yield a * b
if __name__ == '__main__':
    list_a = [1, 2, 3]
    list_b = [4, 5]
    result_generator = product_pairs(list_a, list_b)
    results = list(result_generator)
    print(results)",True,0,86,2_5.py
2,5,Multiply two given amounts,"Implement a generator function that yields the product of every possible pair generated by two separate input sequences (e.g., multiplying each element from list A by each element from list B). Focus on efficiency for large lists.","def product_pairs(A, B):
    for a in A:
        for b in B:
            yield a * b
if __name__ == '__main__':
    list_a = [1, 2, 3]
    list_b = [10, 20]
    result_generator = product_pairs(list_a, list_b)
    results = list(result_generator)
    print(results)",True,1,87,2_5_1.py
2,6,Multiply two given amounts,Write a decorator named `@multiply` that wraps another function and automatically multiplies the result of the wrapped function's execution by a specified constant factor before returning it. Use the decorator pattern effectively.,"def multiply(factor):
    def decorator(func):
        def wrapper(*args, **kwargs):
            result = func(*args, **kwargs)
            return result * factor
        return wrapper
    return decorator
@multiply(5)
def sample_function(x):
    return x
if __name__ == '__main__':
    input_value = 10
    output_value = sample_function(input_value)
    print(f""Input: {input_value}"")
    print(f""Result of sample_function({input_value}): {output_value}"")",True,0,88,2_6.py
2,6,Multiply two given amounts,Write a decorator named `@multiply` that wraps another function and automatically multiplies the result of the wrapped function's execution by a specified constant factor before returning it. Use the decorator pattern effectively.,"def multiply(factor):
    def decorator(func):
        def wrapper(*args, **kwargs):
            result = func(*args, **kwargs)
            return result * factor
        return wrapper
    return decorator
@multiply(5)
def sample_function(x):
    return x
if __name__ == '__main__':
    input_value = 10
    output_value = sample_function(input_value)
    print(f""Input: {input_value}"")
    print(f""Output: {output_value}"")",True,1,89,2_6_1.py
2,6,Multiply two given amounts,Write a decorator named `@multiply` that wraps another function and automatically multiplies the result of the wrapped function's execution by a specified constant factor before returning it. Use the decorator pattern effectively.,"def multiply(factor):
    def decorator(func):
        def wrapper(*args, **kwargs):
            result = func(*args, **kwargs)
            return result * factor
        return wrapper
    return decorator
@multiply(5)
def add(a, b):
    return a + b
if __name__ == '__main__':
    result = add(3, 4)
    print(result)",True,2,90,2_6_2.py
2,7,Multiply two given amounts,"Design and implement a static method within a class called `MathOperations` that performs the multiplication of two provided arguments, prioritizing clarity and readability.","class MathOperations:
    @staticmethod
    def multiply(a, b):
        return a * b
if __name__ == '__main__':
    result = MathOperations.multiply(5, 10)
    print(result)
    result2 = MathOperations.multiply(12.5, 4)
    print(result2)",True,0,91,2_7.py
2,7,Multiply two given amounts,"Design and implement a static method within a class called `MathOperations` that performs the multiplication of two provided arguments, prioritizing clarity and readability.","class MathOperations:
    @staticmethod
    def multiply(a, b):
        return a * b
if __name__ == '__main__':
    result = MathOperations.multiply(5, 10)
    print(result)
    result2 = MathOperations.multiply(3.5, 2)
    print(result2)",True,1,92,2_7_1.py
2,8,Multiply two given amounts,"Generate an iterative solution using a `while` loop to calculate the product of two numbers entered by the user, ensuring the logic is clear and handles the input process correctly.","if __name__ == '__main__':
    num1 = 5
    num2 = 10
    product = 1
    count = 0
    while count < 2:
        if count == 0:
            product = num1
        elif count == 1:
            product = num1 * num2
        count += 1
    print(product)",True,0,93,2_8.py
2,8,Multiply two given amounts,"Generate an iterative solution using a `while` loop to calculate the product of two numbers entered by the user, ensuring the logic is clear and handles the input process correctly.","if __name__ == '__main__':
    num1 = 5
    num2 = 10
    product = 1
    counter = 0
    while counter < 2:
        if counter == 0:
            product = num1
        elif counter == 1:
            product = num1 * num2
        counter += 1
    print(product)",True,1,94,2_8_1.py
2,8,Multiply two given amounts,"Generate an iterative solution using a `while` loop to calculate the product of two numbers entered by the user, ensuring the logic is clear and handles the input process correctly.","if __name__ == '__main__':
    num1 = 5
    num2 = 8
    product = 0
    iteration_count = 0
    while iteration_count < 1:
        product = num1 * num2
        iteration_count += 1
    print(product)",True,2,95,2_8_2.py
