topic_id,topic
0,Check if two values match
1,Determine if a condition is true
2,Test if a value is positive
3,See if a number is even
4,Decide based on input choice
5,Compare two different items
6,Check if a value is greater
7,Evaluate simple true false
8,Handle if a statement is met
9,Make a decision with rules
10,Sort based on a condition
11,Check for equal values only
12,Determine if something is odd
13,Find maximum value in list
14,Remove duplicate items from array
15,Sort numbers using built-in tools
16,Count total elements inside list
17,Check if item exists within data
18,Reverse order of given sequence
19,Create new copy without original
20,Filter out negative values only
21,Append extra element to end
22,Delete specific character at index
23,Store simple item names
24,Create a basic item list
25,Map colors to names
26,Build a simple word dictionary
27,Group fruits by type
28,Track favorite animal names
29,Store student names easily
30,Organize simple object data
31,Match keys to values now
32,Count items in a set
33,Check if a name exists
34,Add new entries to data
35,Find a specific value quickly
36,Create a simple lookup table
37,Manage basic item counts
38,Create dictionary from key value pairs
39,Find largest item in your list
40,Check if key exists inside dict
41,Count how many items are stored
42,Sort keys alphabetically for display
43,Remove specific entry from collection
44,Access data using nested structure
45,Calculate sum of two numbers
46,Find difference between values
47,Multiply any pair of integers
48,Divide first number by second
49,Check if result is positive
50,Add three given variables together
51,Find first element in list
52,Check last item value
53,Count items from start
54,Locate middle position mark
55,Swap two adjacent values
56,Print index of target
57,Access specific array slot
58,Calculate days between two dates
59,Find day of week for given date
60,Check if year is a leap year
61,Convert seconds into hours minutes
62,Add months to current calendar date
63,Subtract years from specific date
64,Format date as string with month name
65,Convert length units simply
66,Calculate weight differences easily
67,Change temperature scales straightforwardly
68,Convert volume measurements now
69,Scale mass from one unit
70,Compare two distance amounts
71,Convert time duration simply
72,Handle simple unit changes now
73,Measure area in different ways
74,Convert speed across units
75,Find equivalent length values
76,Adjust weight conversions simply
77,Relate volume to capacity
78,Sort simple unit comparisons
79,Sort a list of items
80,Find the largest item quickly
81,Reverse the order of a list
82,Remove specific elements easily
83,Combine two lists together
84,Check if an item exists now
85,Find the length of a list
86,Count how many items exist
87,Get the first item simply
88,Access an element by index
89,Iterate through every list item
90,Find the smallest value present
91,Separate words from a sentence
92,Concatenate strings in a list
93,Convert meters to feet using multiplication factor
94,Calculate time difference between two dates
95,Convert given date to string format
96,Check if day is weekend or weekday
97,Determine leap year from input number
98,Print days in each month of year
99,Find next occurrence of specific hour
100,Sort list by chronological order only
101,Calculate average of three numbers
102,Find minimum value in list
103,Determine maximum number present
104,Compute mean from five values
105,Summarize small data set results
106,Compare start times to find later event
107,Count total hours in a full year
108,Determine leap years using simple logic
109,Add months together without getting confused
110,Subtract days from one specific month end
111,Separate words in a sentence
112,Find all vowels in text
113,Count the number of letters
114,Reverse a given string
115,Check if text is a palindrome
116,Split a string by spaces
117,Extract names from a phrase
118,Identify words with specific length
119,Determine character types found
120,Separate words using delimiters
121,Reorder characters in sequence
122,Find repeating characters present
123,Analyze simple text patterns
124,Create dictionary from two lists
125,Store key value pairs in dict
126,Access values using keys directly
127,Find largest item inside dictionary
128,Count total items stored there
129,Remove specific entry entirely now
130,Sort all entries by their keys
131,Calculate area of rectangle from sides length
132,Find perimeter for given square side measurement
133,Determine if shape has equal opposite angles
134,Compute total surface area for cube object
135,Measure diagonal distance across rectangular box
136,Estimate space needed for circular garden plot
137,Calculate mean of three numbers
138,Determine minimum value present
139,Sort values by smallest first
140,Count occurrences in dataset
141,Compute average from five items
142,Identify largest number quickly
143,Check if two numbers are equal
144,Determine which number is larger
145,Verify if sum exceeds threshold
146,Test whether value equals zero
147,Find condition for negative result
148,Confirm both inputs are positive
149,Identify case where product remains true
150,Determine if two numbers are equal
151,Remove duplicate names from list items
152,Find smallest value inside numeric array
153,Sort alphabetic words in descending order
154,Check if element exists within collection
155,Reverse entire sequence without changing data
156,Sum all positive numbers together quickly
157,Identify second highest grade given scores
158,Calculate sum of all values
159,Reverse string characters order
160,Count total letters in text
161,Find longest word inside sentence
162,Check if two strings match exactly
163,Swap first letter with last char
164,Remove all spaces from a phrase
165,Create new string without vowels
166,Print length of given input line
167,Replace every space with underscore sign
168,Identify second to last character index
169,Add two simple quantities together
170,Subtract one value from another
171,Multiply two given amounts
172,Divide one total by another
173,Find the sum of three items
174,Calculate the difference between values
175,Determine the product of numbers
176,Check if two values are equal
177,Compare two input results
178,Find the average of several figures
179,Calculate the total sum easily
180,Perform basic arithmetic operations now
181,Understand simple addition subtraction logic
182,Explore basic multiplication division concepts
183,Convert temperature from Celsius to Fahrenheit
184,Check if number is even or odd
185,Count total letters in given sentence
186,Reverse order of typed characters
187,Read input and print back
188,Simple text reversal task
189,Store and display user names
190,Add two simple quantities
191,Simulate a simple counter
192,Input and output comparison logic
193,Create a basic greeting program
194,Reverse a short word string
195,Calculate sum of two items
196,Determine if a value is even
197,Simulate a simple choice game
198,Handle basic text input flow
199,Repeat a simple action loop
200,Manage simple data storage
201,Calculate the area of a square
202,Find the perimeter of a rectangle
203,Determine the area of a circle
204,Calculate the perimeter of a triangle
205,Find the area of a parallelogram
206,Measure the area of a trapezoid
207,Compare two shape areas
208,Calculate the difference in areas
209,Find the total perimeter sum
210,Area of a simple polygon
211,Perimeter of a given shape
212,Area comparison challenge
213,Simple shape area calculation
214,Rectangle and square area task
215,Triangle perimeter finding
216,Find largest value in list
217,Remove duplicate items from collection
218,Count total number of elements
219,Sort numbers in ascending order
220,Check if item exists inside list
221,Reverse entire sequence backwards
222,Add two positive integers together
223,Subtract smaller number from larger value
224,Divide first number by second integer
225,Find sum of three consecutive values
226,Calculate product of four small digits
227,Determine remainder when divided evenly
228,Check if result is even or odd
229,Calculate area of rectangle from dimensions
230,Find perimeter of square given side length
231,Determine shape based on number of sides
232,Compare two calculated areas for size
233,Check if polygon has equal opposite angles
234,Measure distance between circle centers only
235,Verify triangle validity using three lengths
236,Access first element array
237,Find middle element array
238,Retrieve last item array
239,Access specific index value
240,Compare adjacent elements array
241,Sum elements in an array
242,Find largest element array
243,Find smallest element array
244,Reverse order of array items
245,Print all array values
246,Check element at position
247,Identify even indexed items
248,Locate the third element
249,Simple array traversal task
250,Index and print data
251,Convert miles to kilometers using simple math
252,Calculate seconds from minutes in your program
253,Transform pounds to kilograms through easy steps
254,Measure inches by multiplying them correctly now
255,Swap temperature values between Celsius and Fahrenheit
256,Count how many times user enters data
257,Display message after typing password
258,Print sum from two input values
259,Check if number is positive or negative
260,Store first name then last name together
261,Show result when multiplying two items
262,Ask for score and display grade level
263,Compute total cost of multiple products
264,Find difference between two given prices
265,Convert temperature value to degrees Celsius
266,List all characters entered by keyboard user
267,Convert kilometers to miles accurately
268,Change meters into centimeters easily
269,Swap Fahrenheit with Celsius values
270,Transform inches to feet correctly
271,Add pounds to kilograms quickly
272,Multiply gallons by liters now
273,Divide hours into minutes simply
274,Find the largest item easily
275,Reverse the order of elements
276,Remove specific elements quickly
277,Find elements in a list
278,Check if an item exists there
279,Count items in a list
280,Get the first element now
281,Find the last item simply
282,Print all list contents neatly
283,Show unique items from list
284,Add new items to list
285,Access list elements directly
286,Calculate average of numbers in list
287,Find maximum value from given set
288,Determine minimum score achieved by student
289,Compute mean temperature for entire week
290,Sum up positive integers and find total
291,Determine which value comes first in list
292,Verify string starts with specific character
293,Count how many conditions are true now
294,Find largest item inside your collection
295,Count elements larger than average value list
296,Reverse order items inside given number sequence
297,Locate position specific color code appears twice
298,Check if middle element matches surrounding neighbors
299,Determine which index holds maximum possible score
300,Welcome users to your program now
301,Greet someone with their name today
302,Ask what time is currently inside
303,Measure how long text actually grows
304,Print out a colorful birthday greeting
305,Calculate the total sum of items
306,Check if two numbers match each other
307,Display the result when adding values together
308,Find the average of items
309,Calculate the largest number found
310,Compare two simple quantities now
311,Find the middle value easily
312,Compute the minimum from list
313,Analyze three values simply
314,Order a small set of numbers
315,Sort five basic data points
316,Spot the average of scores
317,Locate the highest item present
318,Group simple measurements together
319,Calculate summary statistics now
320,Calculate area of rectangle from sides
321,Find distance between two points on grid
322,Check if triangle is right-angled shape
323,Determine circle radius from given diameter
324,Compute perimeter for any square side length
325,Measure height using base and angle values
326,Verify point lies inside polygon boundary
327,Multiply any pair of whole numbers
328,Divide first integer by second safely
329,Find sum of three given values
330,Calculate difference between two items
331,Determine product of multiple factors
332,Compute average of simple set
333,Verify multiplication table pattern
334,Count how many times word appears
335,Check if specific name exists inside dict
336,Sort items by their alphabetical order
337,Merge two separate dictionaries together
338,Remove unwanted entries from collection
339,Access data using nested keys safely
340,Calculate total sum of all values
341,Find perimeter given square side length
342,Determine if shape is regular polygon
343,Compute total surface area of box
344,Check if two circles overlap each other
345,Measure distance between circle centers
346,Verify triangle using three side lengths
347,Count pixels in rectangular image grid
348,Determine which of two values is larger
349,Find out if input matches specific condition
350,Identify whether a value falls within range
351,Verify if statement evaluates to true result
352,Verify if input value is positive
353,Test whether sum exceeds limit
354,Identify when product becomes zero
355,Confirm if both conditions hold true
356,Evaluate result of subtraction operation
357,Calculate area of rectangle given sides
358,Find perimeter of square from side length
359,Determine if triangle is right angled
360,Measure distance between two points on map
361,Check if point lies inside circle boundary
362,Compute surface area of cylinder shape
363,Identify largest angle in any triangle set
364,Simple text reversal program
365,Add two given quantities
366,Reverse a short word
367,Compare two simple items
368,Repeat a simple action many times
369,Ask for name and greet
370,Input and output game logic
371,Create a simple calculator
372,Determine if shape is perfect circle
373,Compute total area for multiple rectangles
374,Check if triangle can be formed
375,Measure distance between two points
376,Compare areas of different circles
377,Identify right angle in a triangle
378,Sum up all rectangular shapes area
379,Verify polygon has equal sides
380,Count vowels in text string
381,Remove spaces from sentence
382,Split words into list format
383,Find longest word inside phrase
384,Check if letter is capital
385,Delete punctuation marks from line
386,Extract words from text string
387,Remove all spaces in sentence
388,Count total letters in word
389,Split list into smaller parts easily
390,Join characters together to form phrase
391,Print your name to console screen
392,Ask user for their favorite color
393,Calculate sum of two numbers together
394,Check if letter is vowel or consonant
395,Display message based on input choice
396,Count how many times number appears
397,Find largest value in simple list
398,Build dictionary with student names
399,Store multiple items in key value pairs
400,Access specific data from stored keys
401,Add new entries to your collection
402,Remove unwanted information from dict
403,Search for a name inside the list
404,Check if item exists within container
405,Sort students by their average score
406,Calculate average of five test scores
407,Measure time between two events
408,Store user name in variable permanently
409,Display multiplication table for a number
410,Check if password meets length requirement
411,Find largest value among three items
412,Print greeting based on hour of day
413,Sum total sales from customer records
414,Count occurrences of letter in string
415,Determine which value comes first in order
416,Verify two conditions are both true together
417,Test if input matches stored password exactly
418,Confirm student passes after multiple test scores
419,Compare two numbers given input values
420,Determine which number is larger first
421,Check if value matches target condition
422,Verify positive or negative sign status
423,Identify even versus odd integer result
424,Evaluate simple equality statements true
425,Assess multiple conditions in sequence order
426,Count items in loop with simple logic
427,Find smallest number using basic comparison
428,Repeat action multiple times easily
429,Check condition before starting each step
430,Stop the loop when target is found
431,Print numbers until they reach zero end
432,Create simple array index map
433,Find value by position name
434,Compare two list elements here
435,Count items in specific place
436,Swap values using indices well
437,Find maximum value in dictionary
438,Count items within your data structure
439,Merge two dictionaries together
440,Sort keys alphabetically from list
441,Print all values from object
442,Create new item for storage use
443,Calculate age from birth date
444,Sort days of year by order
445,Add hours to a given time
446,Find next day in calendar
447,Check if today is Monday
448,Count minutes passed since midnight
449,Convert seconds into duration
450,Convert seconds to hours minutes
451,Add months to current year month
452,Subtract years from birthdate age
453,Format date as string with separators
454,Check if today is a leap year
455,Find perimeter given length and width
456,Determine if shape is square or circle
457,Compute total surface area for box
458,Check which figure has larger area
459,Identify right angle in triangle geometry
460,Find largest item in given list
461,Check if specific letter is present
462,Remove duplicate entries from collection
463,Access data using string keys only
464,Delete an entry based on its name
465,Check if point lies inside triangle
466,Compute distance between two points on map
467,Measure angle formed by three vertices
468,Determine which value is larger
469,Add three simple numbers together
470,Count vowels in given text string
471,Check if letter is uppercase case
472,Remove spaces from input message
473,Split text into separate lines
474,Extract first character from phrase
475,Replace all commas with dots here
476,Identify repeated letters in name
477,Filter out numbers from alphabet
478,Determine if number is positive or negative
479,Check whether two values are equal
480,Find largest of three given numbers
481,Identify even or odd integer value
482,Verify if input matches target condition
483,Compare first item with second item
484,Detect true or false logical result
485,Check if number is positive
486,Determine sum of two values
487,Compare first item to second
488,Find maximum value in list of numbers
489,Remove duplicates from unsorted collection
490,Sort items alphabetically using built-in tools
491,Count occurrences of specific element type
492,Reverse order without creating new lists
493,Check if sequence contains target item
494,Identify smallest number within given set
495,Find largest value in list of numbers
496,Compare two values using index position
497,Print first element from given array
498,Determine second item inside sequence
499,Calculate area of triangle from base height
