topic_id,instruction_id,topic,instruction
0,0,Convert length units simply,"Implement an optimized function named 'convert_length' that accepts a length and a unit type (e.g., 'm' for meters, 'ft' for feet) and returns the converted value. Use clear type hinting."
0,1,Convert length units simply,"Create a class named 'UnitConverter' with methods to handle conversions between meters, feet, and kilometers. Ensure the conversion factors are stored as class constants."
0,2,Convert length units simply,Write a pure Python function to convert a length given in inches to centimeters. The function must be mathematically precise.
0,3,Convert length units simply,"Implement a robust function that takes a string representing a length and a target unit code (e.g., 'm' to 'ft') and performs the conversion using a dictionary mapping for flexibility."
0,4,Convert length units simply,"Write an efficient script that reads a list of lengths from a file and prints the equivalent lengths in yards, assuming the input is in meters."
0,5,Convert length units simply,"Design and implement an optimized algorithm to handle arbitrary length unit conversions by defining a base unit (e.g., meters) and using a conversion factor dictionary."
0,6,Convert length units simply,"Implement a function that takes a length in any supported unit and converts it to a specified target unit, handling the conversion logic cleanly and efficiently."
0,7,Convert length units simply,"Implement an optimized function named `convert_length` that accepts a length value and a unit type ('m' for meters, 'ft' for feet) and returns the converted value. Use standard library features efficiently."
0,8,Convert length units simply,"Develop a class named `LengthConverter` with a method `convert(value, from_unit, to_unit)` that can convert lengths between meters and feet. Ensure the conversion logic is mathematically precise and efficient."
0,9,Convert length units simply,"Write a command-line Python program that reads a list of length measurements in a specified unit (e.g., kilometers) and prints the equivalent measurements in both meters and feet for each item. Use best-practice input/output handling."
0,10,Convert length units simply,"Create a purely functional Python function that takes a numerical length and a target unit string, and performs the necessary conversion to a predefined set of supported units (meters, feet, kilometers). The function must raise a ValueError for unsupported units."
0,11,Convert length units simply,Write a robust Python script that converts a length value from meters to feet using a hardcoded sample value of 10. Ensure the code is optimized and adheres to professional coding standards.
0,12,Convert length units simply,Implement an optimized Python function that converts centimeters to inches for a hardcoded input of 50. The solution must be efficient and follow best practices in Python development.
0,13,Convert length units simply,"Create a high-quality Python script that converts kilometers to miles using a deterministic hardcoded value of 5. Ensure the implementation is clean, efficient, and avoids unnecessary complexity."
0,14,Convert length units simply,"Implement a high-performance Python module that converts length units between meters, kilometers, centimeters, millimeters, inches, feet, yards, and miles using direct multiplication factors. Ensure the code is optimized for speed and adheres to professional coding standards."
1,0,Change weight measurement values,"Write a complete, robust Python script to read weight measurements from a CSV file and calculate the average weight for each category, ensuring efficient file handling."
1,1,Change weight measurement values,"Implement an optimized Python class named 'WeightManager' with methods to store, retrieve, and update weight measurements, utilizing a dictionary for fast lookups."
1,2,Change weight measurement values,"Develop a function that takes a list of weight measurements (in various units) and converts all measurements to kilograms, handling potential errors gracefully."
1,3,Change weight measurement values,"Write an efficient algorithm to process a large dataset of weight entries and identify all measurements that fall outside a predefined acceptable range (e.g., between 50 and 200 kg)."
1,4,Change weight measurement values,"Create a data processing pipeline using Pandas to load a weight data file, clean the data, and generate a new column for standardized weight values."
1,5,Change weight measurement values,Implement a recursive function to traverse a nested dictionary structure representing weight records and extract all numerical weight values.
1,6,Change weight measurement values,"Write a class method within an existing structure to dynamically change the unit of measurement for a stored weight value (e.g., from pounds to kilograms) with appropriate conversion factors."
1,7,Change weight measurement values,"Design and implement a decorator for a function that automatically validates and normalizes weight input, throwing specific exceptions for invalid data types or impossible values."
1,8,Change weight measurement values,"Generate an optimized function to calculate the weighted average of a list of weight measurements, where each measurement has an associated category weight."
1,9,Change weight measurement values,"Write a complete, self-contained program that simulates a weight tracking system, allowing the user to input new weights and display the updated statistics, prioritizing clean object-oriented design."
1,10,Change weight measurement values,"Write a complete, robust Python script that reads weight measurements from a CSV file, converts all values to floating-point numbers, and calculates the average weight, ensuring error handling for non-numeric entries."
1,11,Change weight measurement values,"Implement an optimized Python class named 'WeightManager' with methods to store, retrieve, and update weight measurements. The class must use a dictionary internally and ensure all operations are time-efficient."
1,12,Change weight measurement values,"Develop an efficient function that takes a list of weight measurements (strings) and returns a new list containing only the valid, positive numerical weights, handling potential `ValueError` exceptions gracefully."
1,13,Change weight measurement values,"Create a function that takes a list of weight measurements and applies a specified percentage change (as a decimal) to every measurement, returning the new list of weights. Ensure the implementation is vectorized or highly optimized for large lists."
1,14,Change weight measurement values,"Implement an optimized Python function that converts weight values from kilograms to pounds using a hard-coded list of sample weights. Ensure the code is efficient, follows PEP 8 standards, and avoids unnecessary computational overhead."
2,0,Scale volume measurements easily,"Write a complete, robust Python script that reads volume measurements from a specified file and calculates the total volume, handling potential file reading errors gracefully."
2,1,Scale volume measurements easily,"Implement an optimized function named `calculate_average_volume` that accepts a list of volume measurements and returns the arithmetic mean, using list comprehensions or built-in functions for maximum efficiency."
2,2,Scale volume measurements easily,"Develop a class named `VolumeManager` with methods to store, add, and retrieve volume measurements, ensuring all data structures are appropriately managed for scalability."
2,3,Scale volume measurements easily,Create an efficient function that takes a dictionary of object types and their corresponding volume measurements and calculates the total volume of all objects.
2,4,Scale volume measurements easily,"Write a function that takes a string input containing comma-separated volume values and returns a list of floating-point numbers, including error handling for non-numeric inputs."
2,5,Scale volume measurements easily,"Implement a solution to easily scale volume data by a given factor, creating a new list of scaled volumes from an initial list, ensuring floating-point precision."
2,6,Scale volume measurements easily,"Design and implement a module that uses NumPy to perform vectorized calculations on an array of volume measurements, demonstrating high performance for scaling operations."
2,7,Scale volume measurements easily,"Develop a data processing pipeline to read a CSV file containing item names and their corresponding volumes, and output a new file with the volume scaled by a user-defined factor."
2,8,Scale volume measurements easily,"Write a comprehensive set of unit tests using the `unittest` framework for the volume calculation functions implemented previously, ensuring 100% test coverage for edge cases like zero and negative inputs."
2,9,Scale volume measurements easily,"Write a complete, high-quality Python script that reads volume measurements from a file and calculates the total volume, handling potential float conversion errors gracefully."
2,10,Scale volume measurements easily,"Implement an optimized class named 'VolumeCalculator' with a method to accept a list of volume measurements (in various units) and return the total volume in a specified target unit, using type hinting and efficient list comprehension."
2,11,Scale volume measurements easily,"Develop a robust function named 'standardize_volume' that takes a dictionary of volume measurements (e.g., {'water': 10.0, 'sand': 5.5}) and converts all values to a standardized base unit (e.g., cubic meters), assuming predefined conversion factors."
2,12,Scale volume measurements easily,"Create an efficient data structure and algorithm to store and quickly retrieve volume data, allowing for easy scaling of measurements by a given factor, focusing on memory efficiency."
2,13,Scale volume measurements easily,"Write a robust Python script that defines a class for volume measurements using cubic centimeters as the base unit. Implement methods to convert between liters, milliliters, gallons, and cubic meters, ensuring high precision and efficient arithmetic operations without external libraries."
2,14,Scale volume measurements easily,"Implement an optimized Python function that takes a list of volume measurements in various units (liters, gallons, cubic inches) and returns them all converted to milliliters. The solution must use hardcoded conversion factors for speed and handle edge cases like zero or negative inputs gracefully."
3,0,Convert temperature readings now,"Write a complete, robust Python script that reads temperature readings from a specified CSV file and calculates the average temperature, ensuring error handling for file I/O."
3,1,Convert temperature readings now,"Implement an optimized Python function named `calculate_average_temperature` that accepts a list of temperature readings (floats) and returns the arithmetic mean, using list comprehension or built-in functions for efficiency."
3,2,Convert temperature readings now,"Implement a function that takes a dictionary of temperature readings (keyed by location) and converts all readings from Celsius to Fahrenheit, returning a new dictionary."
3,3,Convert temperature readings now,"Write an efficient Python function to process a large list of temperature readings, filter out any readings below freezing (0°C), and return a list of the remaining temperatures."
3,4,Convert temperature readings now,Create a command-line interface (CLI) script using the `argparse` module that accepts a file path and converts all temperature values within that file from Celsius to Fahrenheit.
3,5,Convert temperature readings now,"Design and implement a module for temperature conversion that includes functions for Celsius to Fahrenheit, Fahrenheit to Celsius, and Kelvin to Celsius, ensuring all conversions are mathematically sound and highly optimized."
3,6,Convert temperature readings now,"Write a complete program that simulates reading temperature data from a predefined set of sensor inputs and displays the results in a neatly formatted table, including the conversion to Kelvin for each entry."
3,7,Convert temperature readings now,"Develop an object-oriented approach where a `Sensor` class handles reading raw temperature data and a separate `Converter` class handles all necessary unit conversions, ensuring clean separation of concerns."
3,8,Convert temperature readings now,"Write a complete, robust Python script that reads temperature readings from a specified CSV file, converts all readings from Celsius to Fahrenheit, and writes the results to a new output CSV file. Use the `csv` module and handle potential file I/O errors gracefully."
3,9,Convert temperature readings now,Implement an optimized Python function named `convert_temp` that takes a list of temperature readings in Celsius and returns a new list containing the equivalent readings in Fahrenheit. The function must be highly efficient and use list comprehensions.
3,10,Convert temperature readings now,"Write a class named `TemperatureConverter` with a method `convert_all(self, celsius_readings)` that efficiently handles the conversion of a list of Celsius temperatures to Fahrenheit. The class should encapsulate the conversion logic adhering to object-oriented principles."
3,11,Convert temperature readings now,"Create a command-line interface (CLI) Python script using the `argparse` module that accepts an input file path and performs the batch conversion of temperature data from Celsius to Fahrenheit, ensuring the script is fully optimized for performance and includes informative error messages."
3,12,Convert temperature readings now,Write a robust Python script that converts a list of temperature values from Celsius to Fahrenheit using the formula F = (C * 9/5) + 32. Use hard-coded sample data for demonstration and ensure the code is optimized for performance.
3,13,Convert temperature readings now,"Implement an efficient Python function that converts temperature readings from Kelvin to Celsius. The function should accept a list of numeric inputs, handle edge cases gracefully without raising exceptions, and return the converted values as a new list using hard-coded test data."
3,14,Convert temperature readings now,"Create a high-performance Python module that converts Fahrenheit to Kelvin. Use hard-coded sample values for testing, ensure the implementation follows PEP 8 standards, and optimize the code for minimal memory usage and maximum execution speed."
4,0,Adjust distance units correctly,"Write a complete, production-ready Python script that demonstrates how to correctly adjust distance units between meters, kilometers, and miles, including input validation."
4,1,Adjust distance units correctly,"Implement an optimized class named DistanceConverter to handle all conversions between meters, kilometers, and miles, ensuring type safety and clear method definitions."
4,2,Adjust distance units correctly,"Develop a standalone Python function that takes a distance value and a unit string (e.g., 'm', 'km', 'mi') and returns the equivalent distance in all other supported units, using the most efficient mathematical operations."
4,3,Adjust distance units correctly,"Create a module-level set of functions to handle unit conversion, focusing on modularity and reusability for converting between metric and imperial systems."
4,4,Adjust distance units correctly,"Implement an optimized function that takes a distance and a target unit, performing the conversion using precise floating-point arithmetic and handling potential division by zero errors gracefully."
4,5,Adjust distance units correctly,"Design and code a system where a user can input a distance in any supported unit and receive the converted value in a specified target unit, prioritizing clarity and error handling."
4,6,Adjust distance units correctly,"Write a comprehensive test suite using `unittest` for the distance conversion logic implemented in a class, ensuring all conversion paths are thoroughly verified."
4,7,Adjust distance units correctly,"Develop an efficient algorithm to normalize any arbitrary distance measurement into a single base unit (meters), handling the necessary scaling factors correctly."
4,8,Adjust distance units correctly,"Generate the complete, optimized Python code for a command-line interface tool that allows a user to specify a distance and convert it between kilometers and miles with clear prompts."
4,9,Adjust distance units correctly,"Write a complete, production-ready Python script that demonstrates how to correctly adjust distance units between miles and kilometers, using a specified conversion factor. The script must include clear input handling and output formatting."
4,10,Adjust distance units correctly,Implement an optimized class named 'DistanceConverter' with a method to convert distances accurately between miles and kilometers. The class should handle input validation for non-numeric values and ensure the conversion logic is mathematically sound and efficient.
4,11,Adjust distance units correctly,"Develop a standalone Python function named 'adjust_distance' that takes a distance value and a unit type (e.g., 'miles' or 'km') as input, and returns the distance adjusted to the other unit, explicitly showing the necessary unit adjustment factor."
4,12,Adjust distance units correctly,"Write an object-oriented solution to manage distance conversions. Create methods within a class that can seamlessly convert distances between any pair of specified units (miles, kilometers, meters), ensuring the conversion factors are stored internally as constants for maximum readability and maintainability."
4,13,Adjust distance units correctly,"Generate a command-line interface (CLI) script using the 'argparse' module. This script must allow the user to input two distances and a desired output unit, and then correctly adjust and display the result in the chosen unit, prioritizing error handling for invalid unit inputs."
4,14,Adjust distance units correctly,"Implement a high-performance Python function that converts distances between meters, kilometers, miles, and feet using precise conversion factors. The function must accept a numeric value and a source unit string, validate the inputs strictly, and return the converted distance as a float rounded to six decimal places without any external dependencies."
5,0,Compare two length measurements,"Write a complete, high-quality Python script that takes two length measurements as input and calculates their difference, ensuring robust error handling for non-numeric input."
5,1,Compare two length measurements,"Implement an optimized function named `compare_lengths` that accepts two floating-point numbers and returns a tuple indicating which length is greater, less, or equal, utilizing direct comparison operators."
5,2,Compare two length measurements,"Develop a class named `LengthComparator` with a method `compare(self, length_a, length_b)` that compares two lengths and returns a descriptive string indicating the relationship between them."
5,3,Compare two length measurements,"Create a script that defines two variables for length measurements and uses conditional statements to print a formatted comparison sentence, such as 'Length A is longer than Length B by X units'."
5,4,Compare two length measurements,"Implement a function that compares two lists of length measurements, determining the maximum and minimum lengths present in both lists and reporting the overall range difference."
5,5,Compare two length measurements,"Write a generator function that yields the result of comparing two input lengths, optimized for memory efficiency when dealing with very large sequences of comparisons."
5,6,Compare two length measurements,"Develop a method within an existing structure (assume a simple object) that compares two stored length attributes and raises a custom exception if the lengths are impossibly different (e.g., one is negative)."
5,7,Compare two length measurements,Implement a highly performant function using NumPy to compare two arrays of length measurements and return an array indicating the sign of the difference between corresponding elements.
5,8,Compare two length measurements,Implement an optimized Python function named `compare_lengths` that accepts two floating-point numbers as input and returns a tuple containing the absolute difference and a string describing which length is greater.
5,9,Compare two length measurements,Develop a class named `LengthComparator` with a method to compare two length measurements. The class should handle the comparison logic internally and provide clear output for the comparison.
5,10,Compare two length measurements,"Create a concise, highly efficient Python function that takes two length values and uses conditional expressions to determine and return the length of the difference, ensuring the result is always non-negative."
5,11,Compare two length measurements,"Write a robust Python script that compares two length measurements provided as hard-coded floats and returns their difference, ratio, and a boolean indicating if the first is greater than the second."
5,12,Compare two length measurements,"Implement an optimized function in Python that takes two length values in meters as arguments and converts them to centimeters for comparison, returning the larger value in its original unit."
5,13,Compare two length measurements,Create a high-performance Python class named LengthComparator that initializes with two hard-coded measurement instances and provides methods to check equality within a small epsilon tolerance and absolute difference.
5,14,Compare two length measurements,Develop a concise Python script that compares two hard-coded lengths in different units (inches and centimeters) by normalizing them to a common unit and prints the comparison result using standard library modules only.
6,0,Calculate simple weight differences,Implement an optimized function named `calculate_weight_difference` that accepts two floating-point numbers and returns their absolute difference. Ensure the function is highly efficient.
6,1,Calculate simple weight differences,Develop a class named `WeightCalculator` with a method to calculate the difference between two provided weights. The class should encapsulate the logic cleanly.
6,2,Calculate simple weight differences,Create a generator function that yields the weight difference for a list of weight pairs. The function should be memory efficient.
6,3,Calculate simple weight differences,Implement a function that takes a list of weights and calculates the difference between the heaviest and the lightest weight in the list. Ensure the implementation is O(n) time complexity.
6,4,Calculate simple weight differences,"Write a testable Python module containing a function to calculate the weight difference, and include comprehensive unit tests using the `unittest` framework for edge cases like negative inputs."
6,5,Calculate simple weight differences,Design and implement a dictionary-based solution to store multiple weight pairs and provide a function to quickly retrieve the difference for any stored pair.
6,6,Calculate simple weight differences,"Write a concise, single-line expression or lambda function to calculate the simple weight difference between two variables, assuming they are already defined."
6,7,Calculate simple weight differences,Develop a command-line interface (CLI) script using the `argparse` module that accepts two weight arguments and outputs the calculated difference to standard output.
6,8,Calculate simple weight differences,Implement an optimized Python function named `calculate_weight_difference` that accepts two weight values and returns their absolute difference. The implementation must prioritize efficiency and use appropriate data types.
6,9,Calculate simple weight differences,Develop a class named `WeightCalculator` with a method to calculate the weight difference between any two provided weights. Ensure the class design is object-oriented and adheres to best practices.
6,10,Calculate simple weight differences,Create a reusable Python function that takes a list of weights and calculates the difference between the maximum and minimum weight in the list. The function must be highly efficient for large lists.
6,11,Calculate simple weight differences,Write a robust Python script that defines a function to calculate the absolute difference between two weights provided as hard-coded float values. Ensure the code is optimized for performance and adheres to professional coding standards.
6,12,Calculate simple weight differences,"Implement an efficient Python module that computes the simple weight difference between two hard-coded numerical inputs. The solution must prioritize execution speed and memory efficiency while maintaining clean, high-quality syntax."
6,13,Calculate simple weight differences,"Develop a concise Python function that takes two hard-coded weight values and returns their difference. Focus on delivering a highly optimized, bug-free implementation that follows best practices for numerical computation in Python."
6,14,Calculate simple weight differences,"Create a streamlined Python script that calculates the weight difference between two specified hard-coded numbers. The code must be professional, efficient, and free of unnecessary complexity or external dependencies."
7,0,Convert time units accurately,"Write a robust Python function named 'convert_time' that accepts a time value and a source unit, and converts it to a target unit, handling conversions between seconds, minutes, and hours accurately."
7,1,Convert time units accurately,"Implement an optimized class named 'TimeConverter' with methods to convert between hours, minutes, and seconds, ensuring all conversion logic is mathematically sound and efficient."
7,2,Convert time units accurately,"Develop a script that reads time inputs in a specified format (e.g., '1:30:45' for H:M:S) and converts the total duration into a single value expressed in total seconds."
7,3,Convert time units accurately,"Write a function that takes a time duration string in 'HH:MM:SS' format and converts it into a human-readable string format in 'Days, Hours, Minutes, Seconds'."
7,4,Convert time units accurately,"Create a comprehensive module for time unit conversion that includes functions for converting between all standard time units (years, months, days, hours, minutes, seconds), assuming an average day length for month/year approximations if necessary."
7,5,Convert time units accurately,"Implement an efficient algorithm to convert a total number of seconds into the most appropriate time unit (e.g., if seconds > 3600, return hours; if seconds > 60, return minutes; otherwise return seconds)."
7,6,Convert time units accurately,"Write a test suite using `unittest` for the time conversion functions developed previously, ensuring edge cases like zero values and large time spans are correctly handled."
7,7,Convert time units accurately,"Design and implement a function that handles time zone conversions, accepting a datetime object and converting it to a specified target time zone using the `pytz` library, ensuring accuracy."
7,8,Convert time units accurately,"Develop a command-line interface (CLI) script using `argparse` that allows a user to specify a start time, an end time, and a desired output unit (e.g., 'minutes') for the total elapsed time calculation."
7,9,Convert time units accurately,"Write a production-ready, fully documented Python script that calculates the time difference between two arbitrary datetime objects and outputs the result in the user-specified unit (e.g., convert the difference into days, hours, and remaining minutes)."
7,10,Convert time units accurately,"Write a complete, robust Python script that converts a given time duration from a specified unit (seconds, minutes, hours, days) to all other standard units, handling input validation for error cases."
7,11,Convert time units accurately,"Implement an optimized class named TimeConverter that provides methods to accurately convert time between various units (e.g., seconds to minutes, hours to days), ensuring all calculations are mathematically precise."
7,12,Convert time units accurately,"Develop a standalone Python function, `convert_time(value, from_unit, to_unit)`, that efficiently handles the conversion between any two specified time units, using the smallest base unit (seconds) for all intermediate calculations."
7,13,Convert time units accurately,"Create a comprehensive utility function that takes a time string in 'HH:MM:SS' format and converts it into a total number of seconds, and then converts that total into a human-readable string format (e.g., 'X days, Y hours, Z minutes')."
7,14,Convert time units accurately,"Implement a high-performance Python function that converts a given duration in seconds to days, hours, minutes, and remaining seconds using integer arithmetic. The function must return a tuple of four integers and should be optimized for speed without using external libraries."
8,0,Scale area measurements easily,"Write a complete, high-quality Python script to calculate the area of a rectangle, ensuring the input handling is robust and user-friendly."
8,1,Scale area measurements easily,Develop a class named 'Shape' with a method to calculate the area. Implement subclasses for 'Rectangle' and 'Circle' inheriting from 'Shape'. Ensure the implementation is object-oriented and efficient.
8,2,Scale area measurements easily,"Implement a function that accepts a list of coordinates (x, y) tuples and calculates the area of the smallest bounding box enclosing all points. Use numpy if appropriate for vector operations."
8,3,Scale area measurements easily,Create a module that provides a function to calculate the area of a polygon given a list of its vertices. Use the Shoelace formula for accurate calculation.
8,4,Scale area measurements easily,Write an optimized function to calculate the area of a circle given its radius. Use the value of math.pi and ensure the calculation is precise.
8,5,Scale area measurements easily,"Design a system where a user can input the type of shape (rectangle, circle) and its relevant dimensions, and the program automatically calculates and displays the area. Use conditional logic for flow control."
8,6,Scale area measurements easily,Implement a general-purpose area calculation function that can handle various 2D shapes by accepting a dictionary specifying the shape type and its defining parameters.
8,7,Scale area measurements easily,"Write a benchmark script comparing the performance of calculating the area for 10,000 rectangles versus 10,000 circles, focusing on algorithmic efficiency."
8,8,Scale area measurements easily,"Write a complete, high-quality Python script that takes a list of coordinates (latitude, longitude) and calculates the total area of the convex hull formed by these points using the Shoelace formula. The script must be optimized for performance."
8,9,Scale area measurements easily,"Implement an optimized function named 'calculate_polygon_area' that accepts a list of ordered (x, y) tuples representing the vertices of a polygon and returns the area using the Shoelace formula. Ensure the function handles potential floating-point inaccuracies gracefully."
8,10,Scale area measurements easily,Write a robust Python function that takes a list of 2D points and computes the area of the smallest convex polygon enclosing all these points. Use an efficient algorithm like the Graham scan or Monotone Chain algorithm.
8,11,Scale area measurements easily,"Write a robust Python script that defines a class for geometric shapes and includes methods to calculate and scale their areas by a given factor. Ensure the implementation is efficient, type-hinted, and adheres to PEP 8 standards."
8,12,Scale area measurements easily,"Implement an optimized Python function that takes a list of dictionaries representing shapes with width and height attributes and returns a new list with scaled areas. The code must be concise, use list comprehensions where appropriate, and avoid unnecessary overhead."
8,13,Scale area measurements easily,"Develop a clean and efficient Python script that calculates the scaled area of rectangles and circles based on predefined dimensions and scale factors. Use standard libraries only, ensure mathematical precision, and output results directly to stdout."
8,14,Scale area measurements easily,Write a robust and efficient Python function named 'calculate_scaled_area' that accepts a base area value and a scale factor as arguments. The function must return the scaled area calculated by multiplying the base area by the square of the scale factor. Use type hints for all parameters and the return value. Implement the function using standard arithmetic operations without any external libraries or dependencies.
9,0,Change volume units simply,"Write a complete, high-quality Python script that demonstrates the conversion between common volume units (liters, milliliters, cubic meters, gallons, and cubic inches), including a main function to handle user input and conversion."
9,1,Change volume units simply,"Implement a class named 'VolumeConverter' with methods to convert between liters and milliliters, and cubic meters and cubic inches, ensuring the class is object-oriented and highly reusable."
9,2,Change volume units simply,"Develop an optimized function named 'convert_volume' that accepts a volume value and a target unit code (e.g., 'L', 'm3', 'gal') and returns the converted value, using an internal dictionary for efficient unit management."
9,3,Change volume units simply,"Write a script that reads a list of volume measurements from a file and prints the equivalent measurements in both liters and cubic meters, handling potential file reading errors gracefully."
9,4,Change volume units simply,"Create a robust command-line interface (CLI) application using Python's `argparse` module that allows the user to specify a volume, a starting unit, and a target unit for conversion."
9,5,Change volume units simply,"Implement a standalone function that takes a volume in any supported unit and converts it to the base unit of liters, ensuring the conversion factors are accurate to the highest precision possible."
9,6,Change volume units simply,"Design and implement a dictionary-based system for mapping all required volume conversion factors (e.g., 1 L = X ml, 1 m³ = Y gal), making the conversion logic completely decoupled from the conversion constants."
9,7,Change volume units simply,"Write a comprehensive test suite using `unittest` for the volume conversion logic developed in a previous step, covering edge cases like zero volume and large numbers."
9,8,Change volume units simply,Write a highly efficient script that uses NumPy to perform vectorized volume conversions for an entire array of measurements provided by the user.
9,9,Change volume units simply,"Refactor the initial conversion script to ensure all error handling is implemented using specific custom exceptions, adhering to best-practice Python error management principles."
9,10,Change volume units simply,"Implement an optimized class named 'VolumeConverter' in Python. This class must contain methods to convert a volume from any supported unit to a base unit (e.g., liters) and from the base unit to any other supported unit. Ensure all conversion factors are accurate and the code is highly efficient."
9,11,Change volume units simply,"Develop a standalone Python function named 'convert_volume' that accepts a volume value and a source unit string, and returns the equivalent volume in a target unit specified by an optional parameter. Use a dictionary to store all necessary conversion rates and ensure the function handles potential input errors gracefully."
9,12,Change volume units simply,"Write a command-line interface (CLI) script using Python's `argparse` module. The script should allow the user to specify an input volume, the input unit, and the desired output unit, and then perform the conversion using the logic developed in the previous steps. Prioritize robust error handling."
9,13,Change volume units simply,"Create a comprehensive Python module for volume management. This module should expose functions for converting between metric (L, mL, m³) and imperial (L, gal) units. Ensure the code is modular, adheres strictly to Python best practices, and includes type hinting for maximum readability and maintainability."
9,14,Change volume units simply,"Implement a robust and efficient Python class named VolumeConverter that handles conversions between liters, milliliters, gallons, quarts, pints, cups, and fluid ounces. The implementation must use direct arithmetic operations for O(1) performance without external libraries or string parsing."
10,0,Print the First Array Element,Write a Python script that defines a list with at least three integers and prints the first element. Use direct indexing and ensure the code is executable without any user input.
10,1,Print the First Array Element,Implement a function named get_first_element that takes a non-empty list as an argument and returns the first item. The caller should pass a hardcoded list of strings and print the result.
10,2,Print the First Array Element,Create a robust Python program that initializes a tuple containing five numerical values and outputs the first value. Do not include any error handling or input mechanisms.
10,3,Print the First Array Element,Write a concise Python one-liner that assigns a list of names to a variable and prints the first name. Ensure the code is efficient and follows Python best practices.
10,4,Print the First Array Element,Develop a Python script that uses a deque from the collections module with predefined elements and prints the leftmost item efficiently.
10,5,Print the First Array Element,Generate a Python function that accepts a dictionary and prints the first value in the iteration order. Use a hardcoded dictionary with three key-value pairs for demonstration.
10,6,Print the First Array Element,Create a Python class named ArrayProcessor that initializes with a list in its constructor and provides a method to retrieve the first element. Instantiate the class with sample data and print the output.
10,7,Print the First Array Element,Implement a Python script that defines a generator yielding several integers and uses next() to retrieve and print the first value without any error handling.
10,8,Print the First Array Element,Write a Python function that takes a list as input and uses slice notation [:1] to extract and print the first element. Ensure the function is called with a hardcoded list of mixed types.
10,9,Print the First Array Element,Write a robust Python function that returns the first element of a provided list without any user input or external dependencies.
10,10,Print the First Array Element,Implement an efficient Python script that defines a sample list and immediately prints its first element using direct indexing.
10,11,Print the First Array Element,"Create a high-performance Python function to access the first item of a given array, ensuring it handles empty lists gracefully by returning None."
10,12,Print the First Array Element,Generate a concise Python snippet that initializes a hard-coded list and prints the first value using optimized memory access patterns.
10,13,Print the First Array Element,"Develop a professional Python solution that retrieves and prints the head of a list, adhering strictly to PEP 8 guidelines and avoiding unnecessary iterations."
10,14,Print the First Array Element,Construct a deterministic Python routine that defines a fixed list of integers and outputs the first element using the most direct syntax possible.
11,0,Access the Last Item in List,"Write a Python function that returns the last element of a given list using negative indexing, ensuring the code is concise and follows PEP 8 standards."
11,1,Access the Last Item in List,"Implement a robust Python script that accesses the last item of a list using the `pop()` method, handling empty lists by returning `None` instead of raising an IndexError."
11,2,Access the Last Item in List,Create an optimized Python function that retrieves the last element of a non-empty list using slice notation `list[-1:]` and returns the single item within the resulting list.
11,3,Access the Last Item in List,"Develop a Python utility function that safely accesses the last item of a list by checking if the list is empty first, returning the last element if it exists or a default value if it does not."
11,4,Access the Last Item in List,Write a high-performance Python function that uses `len()` to calculate the index of the last item and returns that element from a provided list.
11,5,Access the Last Item in List,"Implement a Python function that iterates through a list using a for loop to identify and return the last item, optimizing for minimal memory usage."
11,6,Access the Last Item in List,"Construct a Python script that defines a helper function to get the last item of a list, raising a custom exception if the list is empty."
11,7,Access the Last Item in List,"Write a Python function that accepts a list and returns the last element using the `reversed()` iterator protocol, fetching the first item from the reversed sequence."
11,8,Access the Last Item in List,Develop a Python solution that extracts the last item from a list using list comprehension that filters for the item at the maximum index.
11,9,Access the Last Item in List,Implement a Python function that accesses the last item of a list using the `operator.itemgetter` module for functional programming style consistency.
11,10,Access the Last Item in List,Write a highly optimized Python function that retrieves the last element of a given list using negative indexing. Ensure the code is concise and follows PEP 8 standards.
11,11,Access the Last Item in List,Implement a robust Python script that accesses the final item of a list using the pop method. Ensure the implementation handles empty lists gracefully and returns None.
11,12,Access the Last Item in List,Develop an efficient Python function that returns the last item of a list by accessing the index at len(list) minus one. Ensure the code is type-hinted and optimized for performance.
11,13,Access the Last Item in List,Write a clean and professional Python snippet that extracts the last element from a list using list slicing. Ensure the solution is memory efficient and does not create unnecessary copies.
11,14,Access the Last Item in List,Construct a reliable Python function that identifies and returns the last item of a list. Ensure the code includes error handling for non-list inputs and returns the result directly.
12,0,Retrieve Middle Element from Sequence,"Write a high-performance Python function to retrieve the middle element from a sequence, handling even and odd lengths deterministically with hard-coded test cases."
12,1,Retrieve Middle Element from Sequence,"Implement an optimized Python script that extracts the median element from a list, utilizing efficient index calculation and demonstrating execution with static data."
12,2,Retrieve Middle Element from Sequence,"Develop a robust Python function to fetch the central item of a sequence, adhering to best practices and validating the logic with predefined sample inputs."
12,3,Retrieve Middle Element from Sequence,"Create a clean and efficient Python method to identify the middle element of a list, ensuring O(1) complexity where possible, and include hard-coded verification."
12,4,Retrieve Middle Element from Sequence,"Generate a professional Python function that returns the middle value of a sequence, managing edge cases like even-length lists strictly through code logic and static examples."
12,5,Retrieve Middle Element from Sequence,"Write a concise Python function to compute the middle element of a sequence using integer division, accompanied by hard-coded assertions to prove correctness."
12,6,Retrieve Middle Element from Sequence,"Construct a memory-efficient Python routine to access the center element of a list or tuple, demonstrating functionality via embedded test values without external input."
12,7,Retrieve Middle Element from Sequence,"Implement a standard-compliant Python function that retrieves the middle element from any sequence type, including comprehensive hard-coded test scenarios in the script."
12,8,Retrieve Middle Element from Sequence,"Build a streamlined Python utility to extract the median element of a sequence, ensuring optimal performance and demonstrating results with fixed data sets."
12,9,Retrieve Middle Element from Sequence,"Write a fault-tolerant Python function to return the middle item of a sequence, handling index bounds and length parity logic with self-contained hard-coded tests."
12,10,Retrieve Middle Element from Sequence,"Write a Python function that retrieves the middle element of a given list. For even-length lists, return the element at index length // 2. Ensure the code is efficient, adheres to PEP 8, and handles edge cases like empty lists by returning None."
12,11,Retrieve Middle Element from Sequence,Implement an optimized Python script that finds the middle element of a tuple. Use direct indexing for O(1) time complexity and ensure the solution is robust against invalid inputs by raising a ValueError for empty sequences.
12,12,Retrieve Middle Element from Sequence,Develop a Python solution that returns the middle element of a numpy array. Optimize for performance using numpy's indexing capabilities and ensure the code fails fast if the input is not a 1-dimensional array.
12,13,Retrieve Middle Element from Sequence,"Write a pure Python function that retrieves the median index value from a list of numbers. Calculate the middle index using integer division and return the value at that index. Ensure the code is clean, efficient, and follows best practices without any explanatory text."
12,14,Retrieve Middle Element from Sequence,"Write a highly optimized Python function that retrieves the middle element from a given sequence, handling both odd and even lengths appropriately, and ensuring robust error handling for invalid inputs."
13,0,Fetch Specific Position Value,"Write a robust Python function that retrieves a value from a nested dictionary using a path of keys, returning a default value if any key is missing."
13,1,Fetch Specific Position Value,"Implement an optimized Python script to fetch the element at a specific 2D index from a list of lists, handling out-of-bounds indices gracefully with a predefined fallback."
13,2,Fetch Specific Position Value,"Create a Python function that extracts a specific item from a tuple by index, raising a custom exception only if the index is invalid."
13,3,Fetch Specific Position Value,Develop a high-performance Python utility to access a value from a deeply nested JSON-like structure using a dot-separated string path.
13,4,Fetch Specific Position Value,Write a concise Python function to retrieve the Nth element from a generator stream without converting the entire stream to a list.
13,5,Fetch Specific Position Value,"Implement a Python method to safely fetch a field value from a custom object instance by attribute name, returning None if the attribute does not exist."
13,6,Fetch Specific Position Value,"Generate a Python function that fetches a specific column value from a list of dictionaries by column name, assuming all dictionaries share the same schema."
13,7,Fetch Specific Position Value,"Write a deterministic Python script to extract a value from a multidimensional numpy array at a given tuple index, ensuring type safety and performance."
13,8,Fetch Specific Position Value,"Implement a Python function that retrieves a value from a defaultdict using a composite key, initializing the value with a specific factory function if missing."
13,9,Fetch Specific Position Value,"Create a Python function to fetch an element from a circular buffer at a specific logical index, using modular arithmetic to handle wrap-around efficiently."
13,10,Fetch Specific Position Value,"Write a robust Python function that retrieves the value at a specific index from a list, raising a ValueError if the index is out of bounds."
13,11,Fetch Specific Position Value,"Implement an optimized method to extract the element at a given position from a tuple, returning None if the position exceeds the tuple length."
13,12,Fetch Specific Position Value,"Create a Python script that defines a function to fetch the nth element of a string, ensuring it handles negative indexing gracefully without throwing exceptions."
13,13,Fetch Specific Position Value,"Develop a high-performance function that accesses a specific key in a dictionary and returns its value, using a default fallback if the key is missing."
13,14,Fetch Specific Position Value,"Write a pure Python function that returns the value at a specific position in a generator expression by consuming elements up to that index, stopping early to conserve memory."
14,0,Read Third Item from Array,Write a robust Python function that retrieves the third element from a given list. Raise an IndexError if the list has fewer than three items.
14,1,Read Third Item from Array,Implement an optimized Python script that accesses the third item of a predefined array containing integers and prints it. Ensure the solution handles potential index out-of-bounds errors gracefully.
14,2,Read Third Item from Array,"Create a high-performance Python utility to extract the third value from a tuple. The code must be concise, PEP 8 compliant, and include error handling for empty tuples."
14,3,Read Third Item from Array,"Develop a Python function that returns the third element of a passed iterable. Use a generator expression or indexing for efficiency, and ensure the code is free of side effects."
14,4,Read Third Item from Array,Write a secure and efficient Python code snippet to fetch the third item from a hard-coded list of strings. Avoid unnecessary memory allocations and ensure type safety.
14,5,Read Third Item from Array,Implement a Python function named get_third_item that takes a sequence as input and returns its third element. The function should validate input length before accessing the index.
14,6,Read Third Item from Array,Produce a minimal Python script that demonstrates accessing the third element of an array using negative indexing. Ensure the code runs without errors on a standard Python environment.
14,7,Read Third Item from Array,Write a production-ready Python function to retrieve the third item from a list. Use explicit type hinting and raise specific exceptions for invalid inputs.
14,8,Read Third Item from Array,"Create an efficient Python algorithm to access the third element of a NumPy-like list structure. Ensure the solution is optimal for large datasets where possible, but use standard lists for this task."
14,9,Read Third Item from Array,"Generate a Python function that safely extracts the third element from a list, returning a default value if the list is too short. Ensure the code is thread-safe and follows best practices."
14,10,Read Third Item from Array,"Write a robust Python function that returns the third element from a provided list, utilizing zero-based indexing, and include a demonstration with hard-coded sample data."
14,11,Read Third Item from Array,"Implement an optimized Python snippet that safely accesses the third item of an array, handling potential index errors gracefully, and execute it against a pre-defined list variable."
14,12,Read Third Item from Array,"Create a concise Python script that extracts the third value from a hard-coded list of integers and prints the result, adhering strictly to PEP 8 style guidelines."
14,13,Read Third Item from Array,"Develop a production-ready Python function to retrieve the third element from any given sequence, ensuring efficient memory usage, and demonstrate its operation with static input values."
14,14,Read Third Item from Array,"Generate a clean, high-performance Python code block that defines a list, accesses the third element using direct indexing, and outputs the value without any user interaction or external dependencies."
15,0,Get Penultimate Element from List,Implement a Python function that returns the second-to-last element of a given list using negative indexing. Ensure the solution is O(1) time complexity.
15,1,Get Penultimate Element from List,"Write a robust Python function to retrieve the penultimate item from a list, raising a ValueError if the list contains fewer than two elements."
15,2,Get Penultimate Element from List,"Create an optimized Python script that defines a function to access the element at index -2 of a list, strictly adhering to PEP 8 style guidelines."
15,3,Get Penultimate Element from List,"Generate a Python function that extracts the second last element from a list of integers, ensuring minimal memory overhead and maximum execution speed."
15,4,Get Penultimate Element from List,"Develop a Python function that safely retrieves the penultimate element from a list, handling empty lists or single-element lists by returning None instead of raising an exception."
15,5,Get Penultimate Element from List,"Write a concise one-line Python lambda function that returns the second-to-last value from an input list, assuming the list is non-empty and has at least two items."
15,6,Get Penultimate Element from List,"Implement a Python function that returns the penultimate element of a list by calculating the length minus two, ensuring efficient index computation."
15,7,Get Penultimate Element from List,"Provide a production-ready Python function to get the second last element from a list, including type hints for the input list and return value."
15,8,Get Penultimate Element from List,"Code a Python function that accesses the element preceding the last item in a list using direct index access, prioritizing execution efficiency."
15,9,Get Penultimate Element from List,"Construct a Python function that returns the penultimate element of a list, verifying that the input is a list type before attempting access."
15,10,Get Penultimate Element from List,Write a robust Python function named get_penultimate_element that retrieves the second-to-last item from a given list. Ensure the code handles empty lists by raising a ValueError and uses efficient indexing.
15,11,Get Penultimate Element from List,Create a high-performance Python function that extracts the penultimate value from a list. The implementation should avoid unnecessary slicing or loops and must include error handling for lists with fewer than two elements.
15,12,Get Penultimate Element from List,Develop a clean and professional Python function that returns the second-to-last element of a list. Use direct index access for optimal speed and ensure the code is free of redundant variables or complex logic.
15,13,Get Penultimate Element from List,"Write a robust Python function that returns the penultimate element of a list, handling empty and single-element lists by returning None, using efficient indexing without external libraries."
15,14,Get Penultimate Element from List,"Implement a high-performance Python utility to extract the second-to-last item from a given list, strictly adhering to PEP 8 guidelines and avoiding unnecessary memory overhead."
16,0,Extract Initial Value from Vector,Implement a concise Python function that returns the first element of a non-empty list. Ensure the code is efficient and follows PEP 8 standards.
16,1,Extract Initial Value from Vector,Write a robust Python script that extracts the initial value from a given NumPy array. Do not use any external libraries other than NumPy.
16,2,Extract Initial Value from Vector,Create a Python function that retrieves the head of a tuple. The solution must be deterministic and avoid unnecessary overhead.
16,3,Extract Initial Value from Vector,Develop an optimized Python method to get the first item from a standard Python list without using slicing.
16,4,Extract Initial Value from Vector,"Write a Python function that safely extracts the first element from a sequence, raising an IndexError if the sequence is empty."
16,5,Extract Initial Value from Vector,Implement a Python snippet that returns the initial value of a hard-coded list of integers. The code should be minimal and performant.
16,6,Extract Initial Value from Vector,Generate Python code that accesses the zeroth index of a static array. Ensure strict adherence to professional coding standards.
16,7,Extract Initial Value from Vector,Create a Python solution that returns the leading element of a fixed-size list. The implementation must be clean and efficient.
16,8,Extract Initial Value from Vector,Implement a Python function that yields the first value from a hard-coded vector. Ensure the code is production-ready and error-free.
16,9,Extract Initial Value from Vector,"Write a Python function named get_first_element that accepts a list of integers and returns the first element, handling empty lists by returning None."
16,10,Extract Initial Value from Vector,Implement a Python script that defines a list of strings and prints the initial value without using any indexing or slicing operations.
16,11,Extract Initial Value from Vector,Create a Python function that extracts the first item from a tuple using unpacking assignment and returns it.
16,12,Extract Initial Value from Vector,"Write a Python function that takes a numpy array as input and returns the first element using vectorized access, ensuring efficient performance for large datasets."
16,13,Extract Initial Value from Vector,"Develop a Python function that retrieves the first element from a generator object by consuming the first iterator item, avoiding list conversion."
16,14,Extract Initial Value from Vector,Write a Python function that extracts the first element from a deque object in O(1) time complexity and returns it.
17,0,Pick Final Entry in Collection,"Implement a robust Python function that accepts a non-empty list and returns its final element using negative indexing, ensuring type safety and PEP 8 compliance."
17,1,Pick Final Entry in Collection,"Write a Python script that defines a class with a method to retrieve the last item from a provided list, utilizing an index-based approach for maximum efficiency."
17,2,Pick Final Entry in Collection,"Develop a high-performance Python function that extracts the final entry from a sequence without slicing, hard-coded with a sample tuple for immediate execution."
17,3,Pick Final Entry in Collection,"Create an optimized Python utility that returns the last element of a collection using direct access, avoiding unnecessary memory copies or intermediate variables."
17,4,Pick Final Entry in Collection,"Construct a deterministic Python function that selects the final item from a hard-coded list of integers, adhering strictly to efficient coding practices."
17,5,Pick Final Entry in Collection,"Write a concise and efficient Python function that retrieves the last element of a generic sequence, demonstrating the solution with a pre-defined list variable."
17,6,Pick Final Entry in Collection,"Implement a Python function using negative indexing to return the last element of a provided list, ensuring the code is production-ready and follows best practices."
17,7,Pick Final Entry in Collection,"Generate a Python script containing a function that fetches the final entry from a collection, tested immediately against a hard-coded sample list."
17,8,Pick Final Entry in Collection,"Write a professional Python function that safely returns the last element of a non-empty list, utilizing the most performant access method available."
17,9,Pick Final Entry in Collection,"Develop an efficient Python function that identifies and returns the last item in a list, demonstrating the logic with a static, hard-coded data structure."
17,10,Pick Final Entry in Collection,Implement a function that accepts a list of items and returns the last element. Handle empty lists by returning None. Use zero-based indexing for efficient access.
17,11,Pick Final Entry in Collection,Create a class representing a collection with a method to retrieve the final entry. Ensure the class supports dynamic addition of items and maintains insertion order. Return the most recently added item.
17,12,Pick Final Entry in Collection,Write a script that defines a deque structure and adds several hardcoded integers to it. Implement a function to pop and return the last added item efficiently using O(1) complexity.
17,13,Pick Final Entry in Collection,Develop a function that takes a dictionary and returns the last key-value pair inserted. Utilize Python's ordered dictionary feature available in modern versions to ensure deterministic retrieval of the final entry.
17,14,Pick Final Entry in Collection,"Construct a module that manages a circular buffer with a fixed capacity. Implement a method to access the last inserted element before the buffer overwrites older data, using hardcoded initial values for demonstration."
18,0,Grab Middle Value of Array,Write a high-performance Python function to find the middle element of a list using index division. Use hard-coded test cases to verify correctness for both even and odd length arrays.
18,1,Grab Middle Value of Array,Implement a robust Python script that retrieves the median value from a sorted list using the floor division operator. Include a main block with deterministic test inputs.
18,2,Grab Middle Value of Array,Create an efficient Python utility function that extracts the middle item of an array by calculating len(array) // 2. Provide a main section with fixed sample data to demonstrate functionality.
18,3,Grab Middle Value of Array,"Develop a fast Python method to access the central element of a list directly via integer division. Ensure the code is clean, optimized, and uses hardcoded examples for validation."
18,4,Grab Middle Value of Array,Write a concise Python function that returns the middle value of a list by halving its length. Use a main block with pre-defined arrays to show the output for various lengths.
18,5,Grab Middle Value of Array,Construct a professional Python script to find the middle index and value of an array using integer division. Include hard-coded test cases to prove efficiency and accuracy.
18,6,Grab Middle Value of Array,Generate a high-speed Python function that identifies the middle element of a list using len // 2. Provide a deterministic main block with fixed input lists to verify results.
18,7,Grab Middle Value of Array,Build an optimized Python tool that returns the middle item of a list by leveraging integer division on the list length. Use hardcoded data in the execution block to demonstrate use.
18,8,Grab Middle Value of Array,Code a reliable Python function to fetch the middle value of an array using direct index access with len // 2. Include a main block with static test data for verification.
18,9,Grab Middle Value of Array,"Produce a clean, efficient Python script that retrieves the median of a list via integer division. Add a main section with hard-coded arrays to display the computed middle values."
18,10,Grab Middle Value of Array,"Implement a robust Python function that returns the middle element of a list, handling both odd and even lengths by selecting the element at index len(list)//2."
18,11,Grab Middle Value of Array,"Write a highly efficient Python snippet to extract the middle value from a list using direct indexing, assuming the list is not empty and using integer division."
18,12,Grab Middle Value of Array,Create a professional Python function that calculates and returns the median index value of a given list without sorting or using external libraries.
18,13,Grab Middle Value of Array,"Generate optimized Python code to retrieve the central element of an array, utilizing floor division to determine the correct index for both odd and even-sized lists."
18,14,Grab Middle Value of Array,"Write a clean, best-practice Python function that accepts a list and returns the single middle value, demonstrating the logic with a hard-coded example array."
19,0,Access Random Index Position,Write a highly optimized Python function that returns an element from a list at a randomly selected index using the standard library's random module.
19,1,Access Random Index Position,Implement a robust script that selects a random key-value pair from a Python dictionary and returns both the key and the value.
19,2,Access Random Index Position,Create a deterministic Python function that picks a random character from a given string by generating a random index within the string's bounds.
19,3,Access Random Index Position,"Develop an efficient Python solution that retrieves a random item from a tuple, handling empty tuple cases by returning None."
19,4,Access Random Index Position,Write a professional Python function that selects a random row from a list of lists (2D array) using uniform probability distribution.
19,5,Access Random Index Position,Implement a Python script that uses the secrets module to securely select a random index position from a byte array for cryptographic safety.
19,6,Access Random Index Position,"Construct a Python function that returns a random element from a set by first converting it to a list, ensuring no index errors occur."
19,7,Access Random Index Position,Write a concise Python one-liner function that picks a random item from a non-empty iterable using the random.choice method.
19,8,Access Random Index Position,Generate Python code that selects a random index from a range object and returns the corresponding value from a pre-defined list of integers.
19,9,Access Random Index Position,Implement a Python function that randomly accesses an element from a frozen data structure like a namedtuple by indexing it randomly.
19,10,Access Random Index Position,Write a Python function named get_random_element that accepts a list of integers and returns a single element selected uniformly at random from the list. Use the standard library's random module and ensure the implementation is efficient for large lists.
19,11,Access Random Index Position,Implement a Python script that defines a list of ten distinct floating-point numbers and prints the value of the element at a randomly generated index between 0 and 9. Use the secrets module for cryptographically secure random index selection.
19,12,Access Random Index Position,"Create a Python function that takes a tuple of strings and a seed value as arguments. The function must set the random seed, generate a random index within the bounds of the tuple, and return the string at that index. Ensure the code is deterministic given the seed."
19,13,Access Random Index Position,Write a high-performance Python function that retrieves a random element from a large pre-allocated NumPy array without copying the data. Assume the input is a valid NumPy array and use numpy.random.choice or numpy.random.randint for optimal speed.
19,14,Access Random Index Position,"Develop a Python utility function that accesses a random index from a dictionary's keys view. The function should accept a dictionary, select a random key, and return the corresponding value. Handle empty dictionaries by returning None."
